hcode,cat,model,item,fab
015ICR-12Mｲﾝﾅｰｶﾊﾞｰ,INCOON BED,015ICR,12Mｲﾝﾅｰｶﾊﾞｰ,
015ICR-12Mｱｳﾀｰｶﾊﾞｰ,INCOON BED,015ICR,12Mｱｳﾀｰｶﾊﾞｰ,
hcode,cat,hcode,,
002SN/01,布地,002SN/01,,
002SN/02,布地,002SN/02,,
002SN/03,布地,002SN/03,,
002SP/122N,布地,002SP/122N,,
002SP/126N,布地,002SP/126N,,
002SP/180,布地,002SP/180,,
002SP/181,布地,002SP/181,,
002SP/182,布地,002SP/182,,
002SP/183,布地,002SP/183,,
002SP/184,布地,002SP/184,,
014CH232W-35,ﾇｰﾄﾞ,014CH232W,35,
014CH232W-37,ﾇｰﾄﾞ,014CH232W,37,
014CH232W-03B,ﾇｰﾄﾞ,014CH232W,03B,
014CH232W-06B,ﾇｰﾄﾞ,014CH232W,06B,
014CH232W-07B,ﾇｰﾄﾞ,014CH232W,07B,
014CH232W-08B,ﾇｰﾄﾞ,014CH232W,08B,
014CH232W-09B,ﾇｰﾄﾞ,014CH232W,09B,
014CH232W-17B,ﾇｰﾄﾞ,014CH232W,17B,
014CH232W-49B,ﾇｰﾄﾞ,014CH232W,49B,
014CH232W-50B,ﾇｰﾄﾞ,014CH232W,50B,
014CH261-03B,ﾇｰﾄﾞ,014CH261,03B,
014CH261-02LB,ﾇｰﾄﾞ,014CH261,02LB,
014CH261-17B,ﾇｰﾄﾞ,014CH261,17B,
014CH271-03B,ﾇｰﾄﾞ,014CH271,03B,
014CH271-17B,ﾇｰﾄﾞ,014CH271,17B,
014CH271-35,ﾇｰﾄﾞ,014CH271,35,
014CH271-37,ﾇｰﾄﾞ,014CH271,37,
014CH271N-08B,ﾇｰﾄﾞ,014CH271N,08B,
014CH271N-09B,ﾇｰﾄﾞ,014CH271N,09B,
014CH271N-49B,ﾇｰﾄﾞ,014CH271N,49B,
014CH271N-50B,ﾇｰﾄﾞ,014CH271N,50B,
014CH271-41B,ﾇｰﾄﾞ,014CH271,41B,
014CH271-42B,ﾇｰﾄﾞ,014CH271,42B,
014CH351-02B,ﾇｰﾄﾞ,014CH351,02B,
014CH351-03B,ﾇｰﾄﾞ,014CH351,03B,
014CH351-06B,ﾇｰﾄﾞ,014CH351,06B,
014CH351-07B,ﾇｰﾄﾞ,014CH351,07B,
014CH351-17B,ﾇｰﾄﾞ,014CH351,17B,
014CH351-17LB,ﾇｰﾄﾞ,014CH351,17LB,
014CH351-49B,ﾇｰﾄﾞ,014CH351,49B,
014CH351-50B,ﾇｰﾄﾞ,014CH351,50B,
014CH356-59B,ﾇｰﾄﾞ,014CH356,59B,
014KL294-08/09B,ﾇｰﾄﾞ,014KL294,08/09B,
014KL686-17B,ﾇｰﾄﾞ,014KL686,17B,
014KL686-41NB,ﾇｰﾄﾞ,014KL686,41NB,
014KL686-42NB,ﾇｰﾄﾞ,014KL686,42NB,
014KL172-35,ｸｯｼｮﾝ,014KL172,35,
014KL172-ARM,ｸｯｼｮﾝ,014KL172,ARM,
014N419-35,ｸｯｼｮﾝ,014N419,35,
014N419-37,ｸｯｼｮﾝ,014N419,37,
014N419-41/42ZA,ｸｯｼｮﾝ,014N419,41/42ZA,
014N419-49/50ZA,ｸｯｼｮﾝ,014N419,49/50ZA,
014N528-03SE,ｸｯｼｮﾝ,014N528,03SE,
014N528-03ZA,ｸｯｼｮﾝ,014N528,03ZA,
014N528-17ZA,ｸｯｼｮﾝ,014N528,17ZA,
014N528-35,ｸｯｼｮﾝ,014N528,35,
014N528-36,ｸｯｼｮﾝ,014N528,36,
014N528-37,ｸｯｼｮﾝ,014N528,37,
014N528-41/42SE,ｸｯｼｮﾝ,014N528,41/42SE,
014N528-41/42ZA,ｸｯｼｮﾝ,014N528,41/42ZA,
014N528-49/50/03ARM,ｸｯｼｮﾝ,014N528,49/50/03ARM,
014N528-49/50SE,ｸｯｼｮﾝ,014N528,49/50SE,
014N528-49/50ZA,ｸｯｼｮﾝ,014N528,49/50ZA,
014N528-02SE,ｸｯｼｮﾝ,014N528,02SE,
014N528-02ZA,ｸｯｼｮﾝ,014N528,02ZA,
014N528-41S/42SSE,ｸｯｼｮﾝ,014N528,41S/42SSE,
014N528-41S/42SZA,ｸｯｼｮﾝ,014N528,41S/42SZA,
014N749-03ZA,ｸｯｼｮﾝ,014N749,03ZA,
014N749-17ZA,ｸｯｼｮﾝ,014N749,17ZA,
014N749-35,ｸｯｼｮﾝ,014N749,35,
014N749-36,ｸｯｼｮﾝ,014N749,36,
014N749-37,ｸｯｼｮﾝ,014N749,37,
014N749-49ZA,ｸｯｼｮﾝ,014N749,49ZA,
014N749-50ZA,ｸｯｼｮﾝ,014N749,50ZA,
014T429-03SE,ｸｯｼｮﾝ,014T429,03SE,
014T429-03ZA,ｸｯｼｮﾝ,014T429,03ZA,
014T429-06/07SE-A,ｸｯｼｮﾝ,014T429,06/07SE,
014T429-06/07SE-B,ｸｯｼｮﾝ,014T429,06/07SE,
014T429-06/07ZA,ｸｯｼｮﾝ,014T429,06/07ZA,
014T429-49/50SE,ｸｯｼｮﾝ,014T429,49/50SE,
014T429-49ZA,ｸｯｼｮﾝ,014T429,49ZA,
014T429-50ZA,ｸｯｼｮﾝ,014T429,50ZA,
014T429-ARM,ｸｯｼｮﾝ,014T429,ARM,
014T517-08/09/10ZA,ｸｯｼｮﾝ,014T517,08/09/10ZA,
014T517-08/09SEL,ｸｯｼｮﾝ,014T517,08/09SEL,
014T517-10/08/09SES,ｸｯｼｮﾝ,014T517,10/08/09SES,
014T517-17LZA,ｸｯｼｮﾝ,014T517,17LZA,
014T517-17SZA,ｸｯｼｮﾝ,014T517,17SZA,
014T517-20ZA,ｸｯｼｮﾝ,014T517,20ZA,
014T517-20SE,ｸｯｼｮﾝ,014T517,20SE,
014T517-06/07ZA,ｸｯｼｮﾝ,014T517,06/07ZA,
014T517-06/07SE,ｸｯｼｮﾝ,014T517,06/07SE,
014T517-49/50ZA-1,ｸｯｼｮﾝ,014T517,49/50ZA,
014T517-49/50ZA-2,ｸｯｼｮﾝ,014T517,49/50ZA,
014T517-49/50SE-1,ｸｯｼｮﾝ,014T517,49/50SE,
014T517-49/50SE-2,ｸｯｼｮﾝ,014T517,49/50SE,
014T517-49/50ARM,ｸｯｼｮﾝ,014T517,49/50ARM,
014CH261ﾎｼﾞｮｱｼ,脚,014CH261ﾎｼﾞｮｱｼ,,
014CH271-LEG DB,脚,014CH271,LEG,
014CH271-LEG NA,脚,014CH271,LEG,
014CH351LEG,脚,014CH351LEG,,
014LEG60PI-DB,脚,014LEG60P,DB,
014LEG60PI-NA,脚,014LEG60P,NA,
014N666LEG-DB,脚,014N666LEG,DB,
014N666LEG-NA,脚,014N666LEG,NA,
014T516LEG,脚,014T516LEG,,
014T323LEG-DB,脚,014T323LEG,DB,
014T323LEG-NA,脚,014T323LEG,NA,
014T523LEG-DB,脚,014T523LEG,DB,
014T523LEG-NA,脚,014T523LEG,NA,
014T725LEG-DB,脚,014T725LEG,DB,
014T725LEG-NA,脚,014T725LEG,NA,
014N528-F,脚,014N528,F,
014N264-F,脚,014N264,F,
014CE88-ﾊﾞﾈ,バネ,014CE88,ﾊﾞﾈ,
013CH232WI-03C SN/01,ｶﾊﾞｰ,013CH232W,03C,SN/01
013CH232WI-06C SN/01,ｶﾊﾞｰ,013CH232W,06C,SN/01
013CH232WI-07C SN/01,ｶﾊﾞｰ,013CH232W,07C,SN/01
013CH232WI-08C SN/01,ｶﾊﾞｰ,013CH232W,08C,SN/01
013CH232WI-09C SN/01,ｶﾊﾞｰ,013CH232W,09C,SN/01
013CH232WI-17C SN/01,ｶﾊﾞｰ,013CH232W,17C,SN/01
013CH232W-35C SN/01,ｶﾊﾞｰ,013CH232W,35C,SN/01
013CH232W-37C SN/01,ｶﾊﾞｰ,013CH232W,37C,SN/01
013CH232WI-49C SN/01,ｶﾊﾞｰ,013CH232W,49C,SN/01
013CH232WI-50C SN/01,ｶﾊﾞｰ,013CH232W,50C,SN/01
013CH232WI-03C SN/02,ｶﾊﾞｰ,013CH232W,03C,SN/02
013CH232WI-06C SN/02,ｶﾊﾞｰ,013CH232W,06C,SN/02
013CH232WI-07C SN/02,ｶﾊﾞｰ,013CH232W,07C,SN/02
013CH232WI-08C SN/02,ｶﾊﾞｰ,013CH232W,08C,SN/02
013CH232WI-09C SN/02,ｶﾊﾞｰ,013CH232W,09C,SN/02
013CH232WI-17C SN/02,ｶﾊﾞｰ,013CH232W,17C,SN/02
013CH232W-35C SN/02,ｶﾊﾞｰ,013CH232W,35C,SN/02
013CH232W-37C SN/02,ｶﾊﾞｰ,013CH232W,37C,SN/02
013CH232WI-49C SN/02,ｶﾊﾞｰ,013CH232W,49C,SN/02
013CH232WI-50C SN/02,ｶﾊﾞｰ,013CH232W,50C,SN/02
013CH232WI-03C SN/03,ｶﾊﾞｰ,013CH232W,03C,SN/03
013CH232WI-06C SN/03,ｶﾊﾞｰ,013CH232W,06C,SN/03
013CH232WI-07C SN/03,ｶﾊﾞｰ,013CH232W,07C,SN/03
013CH232WI-08C SN/03,ｶﾊﾞｰ,013CH232W,08C,SN/03
013CH232WI-09C SN/03,ｶﾊﾞｰ,013CH232W,09C,SN/03
013CH232WI-17C SN/03,ｶﾊﾞｰ,013CH232W,17C,SN/03
013CH232W-35C SN/03,ｶﾊﾞｰ,013CH232W,35C,SN/03
013CH232W-37C SN/03,ｶﾊﾞｰ,013CH232W,37C,SN/03
013CH232WI-49C SN/03,ｶﾊﾞｰ,013CH232W,49C,SN/03
013CH232WI-50C SN/03,ｶﾊﾞｰ,013CH232W,50C,SN/03
013CH232WI-03C SP/122N,ｶﾊﾞｰ,013CH232W,03C,SP/122N
013CH232WI-06C SP/122N,ｶﾊﾞｰ,013CH232W,06C,SP/122N
013CH232WI-07C SP/122N,ｶﾊﾞｰ,013CH232W,07C,SP/122N
013CH232WI-08C SP/122N,ｶﾊﾞｰ,013CH232W,08C,SP/122N
013CH232WI-09C SP/122N,ｶﾊﾞｰ,013CH232W,09C,SP/122N
013CH232WI-17C SP/122N,ｶﾊﾞｰ,013CH232W,17C,SP/122N
013CH232W-35C SP/122N,ｶﾊﾞｰ,013CH232W,35C,SP/122N
013CH232W-37C SP/122N,ｶﾊﾞｰ,013CH232W,37C,SP/122N
013CH232WI-49C SP/122N,ｶﾊﾞｰ,013CH232W,49C,SP/122N
013CH232WI-50C SP/122N,ｶﾊﾞｰ,013CH232W,50C,SP/122N
013CH232WI-03C SP/126N,ｶﾊﾞｰ,013CH232W,03C,SP/126N
013CH232WI-06C SP/126N,ｶﾊﾞｰ,013CH232W,06C,SP/126N
013CH232WI-07C SP/126N,ｶﾊﾞｰ,013CH232W,07C,SP/126N
013CH232WI-08C SP/126N,ｶﾊﾞｰ,013CH232W,08C,SP/126N
013CH232WI-09C SP/126N,ｶﾊﾞｰ,013CH232W,09C,SP/126N
013CH232WI-17C SP/126N,ｶﾊﾞｰ,013CH232W,17C,SP/126N
013CH232W-35C SP/126N,ｶﾊﾞｰ,013CH232W,35C,SP/126N
013CH232W-37C SP/126N,ｶﾊﾞｰ,013CH232W,37C,SP/126N
013CH232WI-49C SP/126N,ｶﾊﾞｰ,013CH232W,49C,SP/126N
013CH271I-03C SN/01,ｶﾊﾞｰ,013CH271,03C,SN/01
013CH271I-08C SN/01,ｶﾊﾞｰ,013CH271,08C,SN/01
013CH271I-09C SN/01,ｶﾊﾞｰ,013CH271,09C,SN/01
013CH271I-17C SN/01,ｶﾊﾞｰ,013CH271,17C,SN/01
013CH271-35C SN/01,ｶﾊﾞｰ,013CH271,35C,SN/01
013CH271-37C SN/01,ｶﾊﾞｰ,013CH271,37C,SN/01
013CH271I-49C SN/01,ｶﾊﾞｰ,013CH271,49C,SN/01
013CH271I-50C SN/01,ｶﾊﾞｰ,013CH271,50C,SN/01
013CH271I-41C SN/01,ｶﾊﾞｰ,013CH271,41C,SN/01
013CH271I-42C SN/01,ｶﾊﾞｰ,013CH271,42C,SN/01
013CH271I-03C SN/02,ｶﾊﾞｰ,013CH271,03C,SN/02
013CH271I-08C SN/02,ｶﾊﾞｰ,013CH271,08C,SN/02
013CH271I-09C SN/02,ｶﾊﾞｰ,013CH271,09C,SN/02
013CH271I-17C SN/02,ｶﾊﾞｰ,013CH271,17C,SN/02
013CH271-35C SN/02,ｶﾊﾞｰ,013CH271,35C,SN/02
013CH271-37C SN/02,ｶﾊﾞｰ,013CH271,37C,SN/02
013CH271I-49C SN/02,ｶﾊﾞｰ,013CH271,49C,SN/02
013CH271I-50C SN/02,ｶﾊﾞｰ,013CH271,50C,SN/02
013CH271I-41C SN/02,ｶﾊﾞｰ,013CH271,41C,SN/02
013CH271I-42C SN/02,ｶﾊﾞｰ,013CH271,42C,SN/02
013CH271I-03C SN/03,ｶﾊﾞｰ,013CH271,03C,SN/03
013CH271I-08C SN/03,ｶﾊﾞｰ,013CH271,08C,SN/03
013CH271I-09C SN/03,ｶﾊﾞｰ,013CH271,09C,SN/03
013CH271I-17C SN/03,ｶﾊﾞｰ,013CH271,17C,SN/03
013CH271-35C SN/03,ｶﾊﾞｰ,013CH271,35C,SN/03
013CH271-37C SN/03,ｶﾊﾞｰ,013CH271,37C,SN/03
013CH271I-49C SN/03,ｶﾊﾞｰ,013CH271,49C,SN/03
013CH271I-50C SN/03,ｶﾊﾞｰ,013CH271,50C,SN/03
013CH271I-41C SN/03,ｶﾊﾞｰ,013CH271,41C,SN/03
013CH271I-42C SN/03,ｶﾊﾞｰ,013CH271,42C,SN/03
013CH271I-03C SP/122N,ｶﾊﾞｰ,013CH271,03C,SP/122N
013CH271I-08C SP/122N,ｶﾊﾞｰ,013CH271,08C,SP/122N
013CH271I-09C SP/122N,ｶﾊﾞｰ,013CH271,09C,SP/122N
013CH271I-17C SP/122N,ｶﾊﾞｰ,013CH271,17C,SP/122N
013CH271-35C SP/122N,ｶﾊﾞｰ,013CH271,35C,SP/122N
013CH271-37C SP/122N,ｶﾊﾞｰ,013CH271,37C,SP/122N
013CH271I-49C SP/122N,ｶﾊﾞｰ,013CH271,49C,SP/122N
013CH271I-50C SP/122N,ｶﾊﾞｰ,013CH271,50C,SP/122N
013CH271I-41C SP/122N,ｶﾊﾞｰ,013CH271,41C,SP/122N
013CH271I-42C SP/122N,ｶﾊﾞｰ,013CH271,42C,SP/122N
013CH271I-03C SP/126N,ｶﾊﾞｰ,013CH271,03C,SP/126N
013CH271I-08C SP/126N,ｶﾊﾞｰ,013CH271,08C,SP/126N
013CH271I-09C SP/126N,ｶﾊﾞｰ,013CH271,09C,SP/126N
013CH271I-17C SP/126N,ｶﾊﾞｰ,013CH271,17C,SP/126N
013CH271-35C SP/126N,ｶﾊﾞｰ,013CH271,35C,SP/126N
013CH271-37C SP/126N,ｶﾊﾞｰ,013CH271,37C,SP/126N
013CH271I-49C SP/126N,ｶﾊﾞｰ,013CH271,49C,SP/126N
013CH271I-50C SP/126N,ｶﾊﾞｰ,013CH271,50C,SP/126N
013CH271I-41C SP/126N,ｶﾊﾞｰ,013CH271,41C,SP/126N
013CH271I-42C SP/126N,ｶﾊﾞｰ,013CH271,42C,SP/126N
013CH271I-03C SP/180,ｶﾊﾞｰ,013CH271,03C,SP/180
013CH271I-08C SP/180,ｶﾊﾞｰ,013CH271,08C,SP/180
013CH271I-09C SP/180,ｶﾊﾞｰ,013CH271,09C,SP/180
013CH271I-17C SP/180,ｶﾊﾞｰ,013CH271,17C,SP/180
013CH271-35C SP/180,ｶﾊﾞｰ,013CH271,35C,SP/180
013CH271-37C SP/180,ｶﾊﾞｰ,013CH271,37C,SP/180
013CH271I-49C SP/180,ｶﾊﾞｰ,013CH271,49C,SP/180
013CH271I-50C SP/180,ｶﾊﾞｰ,013CH271,50C,SP/180
013CH271I-41C SP/180,ｶﾊﾞｰ,013CH271,41C,SP/180
013CH271I-42C SP/180,ｶﾊﾞｰ,013CH271,42C,SP/180
013CH271I-03C SP/181,ｶﾊﾞｰ,013CH271,03C,SP/181
013CH271I-08C SP/181,ｶﾊﾞｰ,013CH271,08C,SP/181
013CH271I-09C SP/181,ｶﾊﾞｰ,013CH271,09C,SP/181
013CH271I-17C SP/181,ｶﾊﾞｰ,013CH271,17C,SP/181
013CH271-35C SP/181,ｶﾊﾞｰ,013CH271,35C,SP/181
013CH271-37C SP/181,ｶﾊﾞｰ,013CH271,37C,SP/181
013CH271I-49C SP/181,ｶﾊﾞｰ,013CH271,49C,SP/181
013CH271I-50C SP/181,ｶﾊﾞｰ,013CH271,50C,SP/181
013CH271I-03C SP/182,ｶﾊﾞｰ,013CH271,03C,SP/182
013CH271I-08C SP/182,ｶﾊﾞｰ,013CH271,08C,SP/182
013CH271I-09C SP/182,ｶﾊﾞｰ,013CH271,09C,SP/182
013CH271I-17C SP/182,ｶﾊﾞｰ,013CH271,17C,SP/182
013CH271-35C SP/182,ｶﾊﾞｰ,013CH271,35C,SP/182
013CH271-37C SP/182,ｶﾊﾞｰ,013CH271,37C,SP/182
013CH271I-49C SP/182,ｶﾊﾞｰ,013CH271,49C,SP/182
013CH271I-50C SP/182,ｶﾊﾞｰ,013CH271,50C,SP/182
013CH271I-03C SP/183,ｶﾊﾞｰ,013CH271,03C,SP/183
013CH271I-08C SP/183,ｶﾊﾞｰ,013CH271,08C,SP/183
013CH271I-09C SP/183,ｶﾊﾞｰ,013CH271,09C,SP/183
013CH271I-17C SP/183,ｶﾊﾞｰ,013CH271,17C,SP/183
013CH271-35C SP/183,ｶﾊﾞｰ,013CH271,35C,SP/183
013CH271-37C SP/183,ｶﾊﾞｰ,013CH271,37C,SP/183
013CH271I-49C SP/183,ｶﾊﾞｰ,013CH271,49C,SP/183
013CH271I-50C SP/183,ｶﾊﾞｰ,013CH271,50C,SP/183
013CH271I-03C SP/184,ｶﾊﾞｰ,013CH271,03C,SP/184
013CH271I-08C SP/184,ｶﾊﾞｰ,013CH271,08C,SP/184
013CH271I-09C SP/184,ｶﾊﾞｰ,013CH271,09C,SP/184
013CH271I-17C SP/184,ｶﾊﾞｰ,013CH271,17C,SP/184
013CH271-35C SP/184,ｶﾊﾞｰ,013CH271,35C,SP/184
013CH271-37C SP/184,ｶﾊﾞｰ,013CH271,37C,SP/184
013CH271I-49C SP/184,ｶﾊﾞｰ,013CH271,49C,SP/184
013CH271I-50C SP/184,ｶﾊﾞｰ,013CH271,50C,SP/184
013CH1069-03C SP/176,INCOON,013CH1069,03C,SP/176
013CH1069-03C SP/178,INCOON,013CH1069,03C,SP/178
013CH1069-03C SP/197,INCOON,013CH1069,03C,SP/197
013CH1069-03C SP/198,INCOON,013CH1069,03C,SP/198
013CH1069-02C SP/176,INCOON,013CH1069,02C,SP/176
013CH1069-02C SP/178,INCOON,013CH1069,02C,SP/178
013CH1069-02C SP/197,INCOON,013CH1069,02C,SP/197
013CH1069-02C SP/198,INCOON,013CH1069,02C,SP/198
013CH1069-59C SP/176,INCOON,013CH1069,59C,SP/176
013CH1069-59C SP/178,INCOON,013CH1069,59C,SP/178
013CH1069-59C SP/197,INCOON,013CH1069,59C,SP/197
013CH1069-59C SP/198,INCOON,013CH1069,59C,SP/198
013CH1070-17C SP/176,INCOON,013CH1070,17C,SP/176
013CH1070-17C SP/178,INCOON,013CH1070,17C,SP/178
013CH1070-17C SP/197,INCOON,013CH1070,17C,SP/197
013CH1070-17C SP/198,INCOON,013CH1070,17C,SP/198
013CH1070-03LC SN/02,INCOON,013CH1070,03LC,SN/02
013CH1070-03LC SN/03,INCOON,013CH1070,03LC,SN/03
013CH1070-03LC SP/180,INCOON,013CH1070,03LC,SP/180
013CH1070-03LC SP/183,INCOON,013CH1070,03LC,SP/183
013CH1070-03C SN/02,INCOON,013CH1070,03C,SN/02
013CH1070-03C SN/03,INCOON,013CH1070,03C,SN/03
013CH1070-03C SP/180,INCOON,013CH1070,03C,SP/180
013CH1070-03C SP/183,INCOON,013CH1070,03C,SP/183
013CH1070-17C SN/02,INCOON,013CH1070,17C,SN/02
013CH1070-17C SN/03,INCOON,013CH1070,17C,SN/03
013CH1070-17C SP/180,INCOON,013CH1070,17C,SP/180
013CH1070-17C SP/183,INCOON,013CH1070,17C,SP/183
014CH1069-03B,INCOON,014CH1069,03B,
014CH1069-02B,INCOON,014CH1069,02B,
014CH1069-59B,INCOON,014CH1069,59B,
014CH1070-03LB,INCOON,014CH1070,03LB,
014CH1070-03B,INCOON,014CH1070,03B,
014CH1070-17B,INCOON,014CH1070,17B,
CH1069-03 SP/172,INCOON,CH1069,03,SP/172
CH1069-03 SP/176,INCOON,CH1069,03,SP/176
CH1069-03 SP/178,INCOON,CH1069,03,SP/178
CH1069-59 SP/172,INCOON,CH1069,59,SP/172
CH1070-03L SP/180,INCOON,CH1070,03L,SP/180
CH1070-03L SP/182,INCOON,CH1070,03L,SP/182
CH1070-03L SP/183,INCOON,CH1070,03L,SP/183
CH1070-17 SP/180,INCOON,CH1070,17,SP/180
CH1070-17 SP/182,INCOON,CH1070,17,SP/182
CH1070-17 SP/183,INCOON,CH1070,17,SP/183
CH1070-17 SP/172,INCOON,CH1070,17,SP/172
CH1070-17 SP/176,INCOON,CH1070,17,SP/176
CH1070-17 SP/178,INCOON,CH1070,17,SP/178
CH1072-31LSET SP/209,INCOON,CH1072,31LSET,SP/209
CH1072-31LSET SP/207,INCOON,CH1072,31LSET,SP/207
CH1072-31LSET SP/206,INCOON,CH1072,31LSET,SP/206
CH1072-32LSET SP/209,INCOON,CH1072,32LSET,SP/209
CH1072-32LSET SP/207,INCOON,CH1072,32LSET,SP/207
CH1072-32LSET SP/206,INCOON,CH1072,32LSET,SP/206
CH1072-20SET SP/209,INCOON,CH1072,20SET,SP/209
CH1072-20SET SP/207,INCOON,CH1072,20SET,SP/207
CH1072-20SET SP/206,INCOON,CH1072,20SET,SP/206
014CH1071LEG-NA,INCOON,014CH1071LEG,NA,
CH1068-STEELLEG BL,INCOON,CH1068,STEELLEG,
CH907-03  SP/122N,ﾛｻﾞｰﾅ,CH907,03,SP/122N
CH907-03  SP/126N,ﾛｻﾞｰﾅ,CH907,03,SP/126N
"CH907-06  SP/122N,SP/126N",ﾛｻﾞｰﾅ,CH907,06,"SP/122N,SP/126N"
"CH907-06  SP/126N,SP/122N",ﾛｻﾞｰﾅ,CH907,06,"SP/126N,SP/122N"
"CH907-07  SP/122N,SP/126N",ﾛｻﾞｰﾅ,CH907,07,"SP/122N,SP/126N"
"CH907-07  SP/126N,SP/122N",ﾛｻﾞｰﾅ,CH907,07,"SP/126N,SP/122N"
CH907-17  SP/122N,ﾛｻﾞｰﾅ,CH907,17,SP/122N
CH907-17  SP/126N,ﾛｻﾞｰﾅ,CH907,17,SP/126N
"CH907-49  SP/122N,SP/126N",ﾛｻﾞｰﾅ,CH907,49,"SP/122N,SP/126N"
"CH907-49  SP/126N,SP/122N",ﾛｻﾞｰﾅ,CH907,49,"SP/126N,SP/122N"
"CH907-50  SP/122N,SP/126N",ﾛｻﾞｰﾅ,CH907,50,"SP/122N,SP/126N"
"CH907-50  SP/126N,SP/122N",ﾛｻﾞｰﾅ,CH907,50,"SP/126N,SP/122N"
CH1071N-03SET DB SN/03,INCOON,CH1071N,03SET,SN/03
015ICR-10Mｱｳﾀｰｶﾊﾞｰ,INCOON BED,015ICR,10Mｱｳﾀｰｶﾊﾞｰ,
015ICR-14Mｱｳﾀｰｶﾊﾞｰ,INCOON BED,015ICR,14Mｱｳﾀｰｶﾊﾞｰ,
013CH271I-42C SP/181,ｶﾊﾞｰ,013CH271,42C,SP/181
013CH271I-42C SP/182,ｶﾊﾞｰ,013CH271,42C,SP/182
013CH271I-42C SP/183,ｶﾊﾞｰ,013CH271,42C,SP/183
013CH271I-42C SP/184,ｶﾊﾞｰ,013CH271,42C,SP/184
013CH271I-41C SP/181,ｶﾊﾞｰ,013CH271,41C,SP/181
013CH271I-41C SP/182,ｶﾊﾞｰ,013CH271,41C,SP/182
013CH271I-41C SP/183,ｶﾊﾞｰ,013CH271,41C,SP/183
013CH271I-41C SP/184,ｶﾊﾞｰ,013CH271,41C,SP/184
CH1071N-03SET DB SN/01,INCOON,CH1071N,03SET,SN/01
CH1071N-03SET DB SN/02,INCOON,CH1071N,03SET,SN/02
CH1069-59 SP/176,INCOON,CH1069,59,SP/176
CH1069-59 SP/178,INCOON,CH1069,59,SP/178
015HF-08M OC,HYPERFLEX,015HF,08M,
015HF-08M IC,HYPERFLEX,015HF,08M,
015HF-10M OC,HYPERFLEX,015HF,10M,
015HF-10M IC,HYPERFLEX,015HF,10M,
015HF-12M OC,HYPERFLEX,015HF,12M,
015HF-14M OC,HYPERFLEX,015HF,14M,
015HF-16M OC,HYPERFLEX,015HF,16M,
015HF-12M IC,HYPERFLEX,015HF,12M,
015HF-14M IC,HYPERFLEX,015HF,14M,
015HF-16M IC,HYPERFLEX,015HF,16M,
015ICR-10Mｲﾝﾅｰｶﾊﾞｰ,INCOON BED,015ICR,10Mｲﾝﾅｰｶﾊﾞｰ,
015ICR-14Mｲﾝﾅｰｶﾊﾞｰ,INCOON BED,015ICR,14Mｲﾝﾅｰｶﾊﾞｰ,
