受注日,受注番号,受注行番号,会計年月,事業所コード,事業所名,部門コード,部門名,担当者コード,担当者名,得意先コード,得意先名,発注者,受注区分,出荷売上区分,出荷売上区分名,納入先コード,納入先名,納入先正式名,納入先郵便番号1,納入先郵便番号2,納入先住所1,納入先住所2,納入先電話番号1-1,納入先電話番号1-2,納入先電話番号1-3,納入先電話番号2-1,納入先電話番号2-2,納入先電話番号2-3,出荷日,受注納期,売上予定日,請求先コード,請求先名,倉庫コード,倉庫名,出荷先倉庫コード,出荷先倉庫名,配送業者コード,配送業者名,納入区分,納入区分名,便指定,便指定名,ｾｯﾃｨﾝｸﾞ,ｾｯﾃｨﾝｸﾞ名,受注伝票摘要,請求備考,伝票得意先注文番号,専伝番号,案件番号,伝票単位出荷,品種分類コード,品種分類名,品種コード,品種名,HUKLA品番,仕様,ピース,パーツ,木色,張地１,張地２,特区,商品コード,商品名,規格,O/P区分,O/P区分名,製造事業所コード,製造事業所名,商品ランク,商品ランク名,数量,単位名,商品消費税内外区分,上代単価,掛率,仮単価区分,売上単価,売上金額,売上消費税,原価金額,粗利金額,受注明細摘要,請求先消費税内外区分,明細得意先注文番号,分析集計1,分析集計1名,分析集計2,分析集計2名,分析集計3,分析集計3名,請求区分,帳端区分,回収予定日,サブシステム伝票番号,サブシステム行番号,見積番号,見積番号枝番,見積行番号,債権科目区分,債権科目区分名,セグメントコード１,セグメントコード１名,セグメントコード２,セグメントコード２名,セグメントコード３,セグメントコード３名,得意先部門CD,得意先部門名,部門グループ2分類コード,部門グループ2分類名,分析３コード,分析３コード名,分析４コード,分析４コード名,分析５コード,分析５コード名,出荷指示ステータス,出荷指示済数,出荷ステータス,出荷済数,売上ステータス,売上済数,承認ステータス,取消ステータス
2020/05/20,JUC000008782,1,2020/05,100,日本フクラ,0424,福岡専門店,1057,戸谷 真爾,044090,大彌福岡営業所諸口,落石,倉出受注,0,売上,10558,(株）大彌リビング　福岡配送センター,(株）大彌リビング　福岡配送センター,811,0110,福岡県糟屋郡新宮町夜臼2-8-33,,092,962,2395,,,,2020/07/17,2020/07/20,2020/07/17,044089,大彌,A10000,南濃倉庫,,,41,㈱福博梱包,02,センター入れ,,,2,なし,アトリエシュメール戸田様 後藤健二様分,後藤健二様,,,,,1,製品,0011,ソファ,CH1072,S,31LSET,,,SP/209,,,CH1072  0000056,ｲﾃﾞﾙﾄ ｺｰﾅｰｿﾌｧL ｾｯﾄ,CH1072  S  31LSET       SP/209,2,プロパー,,,0,A,2,ﾋﾟｰｽ,外税,128000,50,正単価,64000,128000,12800,80197,47803,残:5,外税,,,,,,,,締請求,今回,2020/08/31,,0,,,,1130,売掛金,,,,,,,0427,福岡ハウジング,27,ハウジング,,,,,,,,0,,0,,0,承認済,
2020/05/20,JUC000008783,1,2020/05,100,日本フクラ,0121,東京百貨店,0738,池田 聡,011118,東京高川,,倉出受注,0,売上,10740,(株）東京高川家具　町屋センター,(株）東京高川家具　町屋センター,116,0001,東京都荒川区町屋７－１３－２１,,03,3895,1133,,,,2020/06/04,2020/06/06,2020/06/04,011118,東京高川家具,A10000,南濃倉庫,,,12,㈱三協運輸サービス越谷,02,センター入れ,,,2,なし,1UG 上桶様,上桶様,,,,,1,製品,0011,ソファ,N770,B,17S,,DB,48/6000,,,N770    0000154,ﾈｽﾄｽﾂｰﾙS,N770    B  17S      DB  48/6000,1,オーダー,100,日本フクラ,0,A,1,ﾋﾟｰｽ,外税,69000,48,正単価,33120,33120,3312,25555,7565,UG,外税,,,,,,,,締請求,今回,2020/07/20,,0,,,,1130,売掛金,,,,,,,0121,東京百貨店,21,百貨店,,,,,,,,0,,0,,0,承認済,
2020/05/20,JUC000008784,1,2020/05,100,日本フクラ,0151,HUKLA大崎,9131,HUKLA大崎,017100,ＨＵＫＬＡ大崎,阿部,委託出荷,1,出荷,00001,日本フクラ株式会社　大崎ショールーム,日本フクラ株式会社　大崎ショールーム,141,0032,東京都品川区大崎2-9-3,大崎ｳｴｽﾄｼﾃｨﾋﾞﾙ３Ｆ,03,5436,7791,,,,2020/06/04,2020/06/06,,017100,ＨＵＫＬＡ大崎,A10000,南濃倉庫,017100,ＨＵＫＬＡ大崎,12,㈱三協運輸サービス越谷,03,直送,,,1,あり,展示分,展示分,,,,,1,製品,0012,リビングテーブル,ELT001,N,1010,,GS,,,,ELT001  0000037,ELT001 ｽｸｴｱｾﾝﾀｰﾃｰﾌﾞﾙ,ELT001  N  1010     GS,1,オーダー,100,日本フクラ,0,A,1,ﾋﾟｰｽ,外税,0,0,正単価,0,0,0,0,0,,外税,,,,,,,,締請求,今回,2020/07/31,,0,,,,1130,売掛金,,,,,,,0151,ＨＵＫＬＡ大崎,51,直販,,,,,,,,0,,0,,0,承認済,
2020/05/20,JUC000008785,1,2020/05,100,日本フクラ,0224,札幌専門店,0942,藤谷 岳史,021010,札幌ファニシング,米沢,倉出受注,0,売上,11464,札幌ファニシング㈱,札幌ファニシング㈱,004,0041,北海道札幌市厚別区大谷地東1-2-40,,011,894,1111,,,,2020/06/16,2020/06/18,2020/06/16,021009,札幌ファニシング,A10000,南濃倉庫,,,21,㈱エフ・シー・ティー,01,店入れ,,,2,なし,ｾｷｽｲﾊｲﾑ様　ﾓﾃﾞﾙ分　　№8758より切替【数量変更】,ｾｷｽｲﾊｲﾑ様　ﾓﾃﾞﾙ分,838350-1,,,,1,製品,0011,ソファ,CH271,IE,03,,NA,SN/03,,,CH271   0001334,ﾏﾁﾙﾀﾞ 3Pｿﾌｧ,CH271   IE 03       NA  SN/03,1,オーダー,100,日本フクラ,0,A,1,ﾋﾟｰｽ,外税,0,50,正単価,62500,62500,6250,31507,30993,03：5/25入荷　C：5/21ETD　(6/3予定),外税,838350-1,,,,,,,締請求,今回,2020/07/31,,0,,,,1130,売掛金,,,,,,,0224,札幌専門店,24,専門店,,,,,,,,0,,0,,0,承認済,
2020/05/20,JUC000008785,2,2020/05,100,日本フクラ,0224,札幌専門店,0942,藤谷 岳史,021010,札幌ファニシング,米沢,倉出受注,0,売上,11464,札幌ファニシング㈱,札幌ファニシング㈱,004,0041,北海道札幌市厚別区大谷地東1-2-40,,011,894,1111,,,,2020/06/16,2020/06/18,2020/06/16,021009,札幌ファニシング,A10000,南濃倉庫,,,21,㈱エフ・シー・ティー,01,店入れ,,,2,なし,ｾｷｽｲﾊｲﾑ様　ﾓﾃﾞﾙ分　　№8758より切替【数量変更】,ｾｷｽｲﾊｲﾑ様　ﾓﾃﾞﾙ分,838350-1,,,,1,製品,0011,ソファ,CH271,I,37,,,SN/03,,,CH271   0001004,ﾏﾁﾙﾀﾞ ｸｯｼｮﾝ大,CH271   I  37           SN/03,1,オーダー,100,日本フクラ,0,A,2,ﾋﾟｰｽ,外税,0,50,正単価,0,0,0,7600,-7600,37：OK　C：残12,外税,838350-1,,,,,,,締請求,今回,2020/07/31,,0,,,,1130,売掛金,,,,,,,0224,札幌専門店,24,専門店,,,,,,,,0,,0,,0,承認済,
2020/05/20,JUC000008786,1,2020/05,100,日本フクラ,0127,東京ハウジング,0672,藤沢 文哉,016912,藤沢諸口/VanVision,水谷,倉出受注,0,売上,999,タカルカランジット様,タカルカランジット様,,,,,,,,,,,2020/06/04,2020/06/05,2020/06/04,016909,特販部諸口,A10000,南濃倉庫,,,62,佐川急便,06,混載,,,2,なし,,,,,,,1,製品,0011,ソファ,T043,W,03,TC,,48/6304,,,T043    0001702,ｸﾘﾋﾞｱ 3Pｿﾌｧ TC,T043    W  03    TC     48/6304,1,オーダー,100,日本フクラ,0,A,1,ﾋﾟｰｽ,外税,150000,65,正単価,97500,97500,9750,55555,41945,CU部カバーのみ,外税,,,,,,,,締請求,今回,2020/07/31,,0,,,,1130,売掛金,,,,,,,0127,東京ハウジング,27,ハウジング,,,,,,,,0,,0,,0,承認済,
2020/05/20,JUC000008786,2,2020/05,100,日本フクラ,0127,東京ハウジング,0672,藤沢 文哉,016912,藤沢諸口/VanVision,水谷,倉出受注,0,売上,999,タカルカランジット様,タカルカランジット様,,,,,,,,,,,2020/06/04,2020/06/05,2020/06/04,016909,特販部諸口,A10000,南濃倉庫,,,62,佐川急便,06,混載,,,2,なし,,,,,,,2,商品,0090,その他,0003,,,,,,,,0003    0000001,送料,0003,2,プロパー,,,0,A,1,ﾋﾟｰｽ,外税,3000,100,正単価,3000,3000,300,0,3000,,外税,,,,,,,,締請求,今回,2020/07/31,,0,,,,1130,売掛金,,,,,,,0127,東京ハウジング,27,ハウジング,,,,,,,,0,,0,,0,承認済,
2020/05/20,JUC000008787,1,2020/05,100,日本フクラ,0127,東京ハウジング,0570,米山 雅則,016381,住友不動産シスコン（新宿）,市川,倉出受注,0,売上,999,ｼﾃｨﾀﾜｰｽﾞ東京ﾍﾞｲ　Ⅲ-2401様,ｼﾃｨﾀﾜｰｽﾞ東京ﾍﾞｲ　Ⅲ-2401様,135,0063,東京都江東区有明2-1-3,,,,,,,,2020/06/04,2055/05/05,2020/06/04,016380,住友不動産シスコン,A10000,南濃倉庫,,,12,㈱三協運輸サービス越谷,03,直送,,,1,あり,1UG　前日TEL要,ｼﾃｨﾀﾜｰｽﾞ東京ﾍﾞｲ2401,,,,,1,製品,0011,ソファ,N528,,42S,,GY,18/5169,,,N528    0004982,ｶｽﾄｰﾙ ｱｰﾑﾚｽｿﾌｧS,N528       42S      GY  18/5169,1,オーダー,100,日本フクラ,0,A,1,ﾋﾟｰｽ,外税,193000,61,正単価,117730,117730,11773,71481,46249,UG No.8247より切替,外税,,,,,,,,締請求,今回,2020/07/31,,0,,,,1130,売掛金,,,,,,,0127,東京ハウジング,27,ハウジング,,,,,,,,0,,0,,0,承認済,
2020/05/20,JUC000008787,2,2020/05,100,日本フクラ,0127,東京ハウジング,0570,米山 雅則,016381,住友不動産シスコン（新宿）,市川,倉出受注,0,売上,999,ｼﾃｨﾀﾜｰｽﾞ東京ﾍﾞｲ　Ⅲ-2401様,ｼﾃｨﾀﾜｰｽﾞ東京ﾍﾞｲ　Ⅲ-2401様,135,0063,東京都江東区有明2-1-3,,,,,,,,2020/06/04,2055/05/05,2020/06/04,016380,住友不動産シスコン,A10000,南濃倉庫,,,12,㈱三協運輸サービス越谷,03,直送,,,1,あり,1UG　前日TEL要,ｼﾃｨﾀﾜｰｽﾞ東京ﾍﾞｲ2401,,,,,1,製品,0011,ソファ,N528,,49,,GY,18/5169,,,N528    0003781,ｶｽﾄｰﾙ ｶｳﾁ,N528       49       GY  18/5169,1,オーダー,100,日本フクラ,0,A,1,ﾋﾟｰｽ,外税,264000,61,正単価,161040,161040,16104,97777,63263,No.8247より切替,外税,,,,,,,,締請求,今回,2020/07/31,,0,,,,1130,売掛金,,,,,,,0127,東京ハウジング,27,ハウジング,,,,,,,,0,,0,,0,承認済,
2020/05/20,JUC000008787,3,2020/05,100,日本フクラ,0127,東京ハウジング,0570,米山 雅則,016381,住友不動産シスコン（新宿）,市川,倉出受注,0,売上,999,ｼﾃｨﾀﾜｰｽﾞ東京ﾍﾞｲ　Ⅲ-2401様,ｼﾃｨﾀﾜｰｽﾞ東京ﾍﾞｲ　Ⅲ-2401様,135,0063,東京都江東区有明2-1-3,,,,,,,,2020/06/04,2055/05/05,2020/06/04,016380,住友不動産シスコン,A10000,南濃倉庫,,,12,㈱三協運輸サービス越谷,03,直送,,,1,あり,1UG　前日TEL要,ｼﾃｨﾀﾜｰｽﾞ東京ﾍﾞｲ2401,,,,,1,製品,0011,ソファ,N528,,37,,,18/5169,,,N528    0000498,ｶｽﾄｰﾙ 背ｸｯｼｮﾝ,N528       37           18/5169,1,オーダー,100,日本フクラ,0,A,2,ﾋﾟｰｽ,外税,23000,61,正単価,14030,28060,2806,17036,11024,No.8247より切替,外税,,,,,,,,締請求,今回,2020/07/31,,0,,,,1130,売掛金,,,,,,,0127,東京ハウジング,27,ハウジング,,,,,,,,0,,0,,0,承認済,
2020/05/20,JUC000008788,1,2020/05,100,日本フクラ,0121,東京百貨店,0738,池田 聡,011231,高島屋東京,久保,倉出受注,0,売上,10952,ＹRＣ　横浜流通センター２Ｆ,ＹRＣ　横浜流通センター２Ｆ,230,0053,神奈川県横浜市鶴見区大黒町４－２９,ＡＭ１１:００～ＰＭ３:００　(水定休),045,505,7050,,,,2020/06/03,2020/06/05,2020/06/03,011230,高島屋,A10000,南濃倉庫,,,13,㈱三協運輸サービス神奈川,02,センター入れ,,,2,なし,ｸﾞﾗﾝﾄﾞﾒｿﾞﾝ品川ｼｰｻｲﾄﾞの社326号 下潮様邸,下潮様,,,,,1,製品,0012,リビングテーブル,SLT528,,60R,T,BW,,,,SLT528  0000017,ｶｽﾄｰﾙ ﾘﾋﾞﾝｸﾞﾃｰﾌﾞﾙLT,SLT528     60R   T  BW,2,プロパー,,,0,A,1,ﾋﾟｰｽ,外税,30000,60,正単価,18000,18000,1800,10426,7574,,外税,,,,,,,,締請求,今回,2020/07/15,,0,,,,1130,売掛金,,,,,,,0121,東京百貨店,21,百貨店,,,,,,,,0,,0,,0,承認済,
2020/05/20,JUC000008788,2,2020/05,100,日本フクラ,0121,東京百貨店,0738,池田 聡,011231,高島屋東京,久保,倉出受注,0,売上,10952,ＹRＣ　横浜流通センター２Ｆ,ＹRＣ　横浜流通センター２Ｆ,230,0053,神奈川県横浜市鶴見区大黒町４－２９,ＡＭ１１:００～ＰＭ３:００　(水定休),045,505,7050,,,,2020/06/03,2020/06/05,2020/06/03,011230,高島屋,A10000,南濃倉庫,,,13,㈱三協運輸サービス神奈川,02,センター入れ,,,2,なし,ｸﾞﾗﾝﾄﾞﾒｿﾞﾝ品川ｼｰｻｲﾄﾞの社326号 下潮様邸,下潮様,,,,,1,製品,0012,リビングテーブル,SLT528,,60R,F,,,,,SLT528  0000019,ｶｽﾄｰﾙ ﾘﾋﾞﾝｸﾞﾃｰﾌﾞﾙLF,SLT528     60R   F,2,プロパー,,,0,A,1,ﾋﾟｰｽ,外税,71000,60,正単価,42600,42600,4260,24177,18423,,外税,,,,,,,,締請求,今回,2020/07/15,,0,,,,1130,売掛金,,,,,,,0121,東京百貨店,21,百貨店,,,,,,,,0,,0,,0,承認済,
2020/05/20,JUC000008788,3,2020/05,100,日本フクラ,0121,東京百貨店,0738,池田 聡,011231,高島屋東京,久保,倉出受注,0,売上,10952,ＹRＣ　横浜流通センター２Ｆ,ＹRＣ　横浜流通センター２Ｆ,230,0053,神奈川県横浜市鶴見区大黒町４－２９,ＡＭ１１:００～ＰＭ３:００　(水定休),045,505,7050,,,,2020/06/03,2020/06/05,2020/06/03,011230,高島屋,A10000,南濃倉庫,,,13,㈱三協運輸サービス神奈川,02,センター入れ,,,2,なし,ｸﾞﾗﾝﾄﾞﾒｿﾞﾝ品川ｼｰｻｲﾄﾞの社326号 下潮様邸,下潮様,,,,,1,製品,0012,リビングテーブル,SLT528,,40R,G,SG,,,,SLT528  0000015,ｶｽﾄｰﾙ ﾘﾋﾞﾝｸﾞﾃｰﾌﾞﾙH SG,SLT528     40R   G  SG,2,プロパー,,,0,A,1,ﾋﾟｰｽ,外税,31000,60,正単価,18600,18600,1860,11439,7161,,外税,,,,,,,,締請求,今回,2020/07/15,,0,,,,1130,売掛金,,,,,,,0121,東京百貨店,21,百貨店,,,,,,,,0,,0,,0,承認済,
2020/05/20,JUC000008788,4,2020/05,100,日本フクラ,0121,東京百貨店,0738,池田 聡,011231,高島屋東京,久保,倉出受注,0,売上,10952,ＹRＣ　横浜流通センター２Ｆ,ＹRＣ　横浜流通センター２Ｆ,230,0053,神奈川県横浜市鶴見区大黒町４－２９,ＡＭ１１:００～ＰＭ３:００　(水定休),045,505,7050,,,,2020/06/03,2020/06/05,2020/06/03,011230,高島屋,A10000,南濃倉庫,,,13,㈱三協運輸サービス神奈川,02,センター入れ,,,2,なし,ｸﾞﾗﾝﾄﾞﾒｿﾞﾝ品川ｼｰｻｲﾄﾞの社326号 下潮様邸,下潮様,,,,,1,製品,0012,リビングテーブル,SLT528,,40R,F,,,,,SLT528  0000020,ｶｽﾄｰﾙ ﾘﾋﾞﾝｸﾞﾃｰﾌﾞﾙHF,SLT528     40R   F,2,プロパー,,,0,A,1,ﾋﾟｰｽ,外税,66000,60,正単価,39600,39600,3960,22237,17363,,外税,,,,,,,,締請求,今回,2020/07/15,,0,,,,1130,売掛金,,,,,,,0121,東京百貨店,21,百貨店,,,,,,,,0,,0,,0,承認済,
2020/05/20,JUC000008789,1,2020/05,100,日本フクラ,0127,東京ハウジング,0672,藤沢 文哉,016912,藤沢諸口/ﾊﾟﾅｿﾆｯｸﾎｰﾑｽﾞ東海株式会社,湯本,倉出受注,0,売上,10060,(株）アップル運輸　上田営業所,(株）アップル運輸　上田営業所,386,0005,長野県上田市古里1620-1,,0268,29,8500,,,,2020/06/19,2020/06/25,2020/06/19,016909,特販部諸口,A10000,南濃倉庫,,,60,㈱ヤマトホームコンビニエンス,02,センター入れ,,,2,なし,6/27AM 荻原様邸/〒384/0808 小諸市御影新田2121-6 090-5827-0764 湯本様,荻原様,,,,,1,製品,0012,リビングテーブル,SLT007,,1000,G,SG,,,,SLT007  0000024,SLT007 ﾘﾋﾞﾝｸﾞﾃｰﾌﾞﾙ100天板,SLT007     1000  G  SG,2,プロパー,,,0,A,1,ﾋﾟｰｽ,外税,63000,66,正単価,41580,41580,4158,25457,16123,,外税,,,,,,,,締請求,今回,2020/07/31,,0,,,,1130,売掛金,,,,,,,0127,東京ハウジング,27,ハウジング,,,,,,,,0,,0,,0,承認済,
2020/05/20,JUC000008789,2,2020/05,100,日本フクラ,0127,東京ハウジング,0672,藤沢 文哉,016912,藤沢諸口/ﾊﾟﾅｿﾆｯｸﾎｰﾑｽﾞ東海株式会社,湯本,倉出受注,0,売上,10060,(株）アップル運輸　上田営業所,(株）アップル運輸　上田営業所,386,0005,長野県上田市古里1620-1,,0268,29,8500,,,,2020/06/19,2020/06/25,2020/06/19,016909,特販部諸口,A10000,南濃倉庫,,,60,㈱ヤマトホームコンビニエンス,02,センター入れ,,,2,なし,6/27AM 荻原様邸/〒384/0808 小諸市御影新田2121-6 090-5827-0764 湯本様,荻原様,,,,,1,製品,0012,リビングテーブル,SLT007,,1000,F,,,,,SLT007  0000025,SLT007 ﾘﾋﾞﾝｸﾞﾃｰﾌﾞﾙ100F,SLT007     1000  F,2,プロパー,100,日本フクラ,0,A,1,ﾋﾟｰｽ,外税,84000,66,正単価,55440,55440,5544,31060,24380,,外税,,,,,,,,締請求,今回,2020/07/31,,0,,,,1130,売掛金,,,,,,,0127,東京ハウジング,27,ハウジング,,,,,,,,0,,0,,0,承認済,
2020/05/20,JUC000008790,1,2020/05,100,日本フクラ,0701,ＯＥＭ,9901,ＯＥＭ,071001,コクヨ（OEM）,,倉出受注,0,売上,10143,(株）ｺｸﾖﾛｼﾞﾃﾑ藤原配送ｾﾝﾀｰ,(株）ｺｸﾖﾛｼﾞﾃﾑ藤原配送ｾﾝﾀｰ,511,0524,三重県いなべ市藤原町山口433-188,荷受)AM8:30～15:00迄,0594,46,4740,,,,2020/06/09,2020/06/09,2020/06/09,071001,コクヨ（OEM）,A10000,南濃倉庫,,,67,倉庫渡しその他,05,倉庫渡し,,,2,なし,,,,,,,2,商品,0090,その他,SNP,,TCJ13,SU,,GN65,KOKUYO,,SNP     0000329,ｲﾝﾌﾚｰﾑ J字(H1350) 面材 外内ｾｯﾄ,SNP        TCJ13 SU     GN65    KOKUYO,1,オーダー,100,日本フクラ,0,A,3,ﾋﾟｰｽ,外税,0,0,正単価,26228,78684,7868,72525,6159,,外税,,,,,,,,締請求,今回,2020/07/15,,0,,,,1130,売掛金,,,,,,,0701,ＯＥＭ,71,ＯＥＭ,,,,,,,,0,,0,,0,承認済,
2020/05/20,JUC000008791,1,2020/05,100,日本フクラ,0124,東京専門店,0363,岡田 憲和,018103,東京第二営業所諸口/デイリーズ,猪岡,倉出受注,0,売上,11089,デイリーズ,デイリーズ,181,0013,東京都三鷹市下連雀4-15-33　2F,,0422,40,6766,,,,2020/06/03,2020/06/09,2020/06/03,018099,東京店頭,A10000,南濃倉庫,,,13,㈱三協運輸サービス神奈川,01,店入れ,,,2,なし,池田様,池田様,27535,0514 0608,1,,1,製品,0011,ソファ,CH271,IE,41,,DB,SN/01,,,CH271   0001355,ﾏﾁﾙﾀﾞ ｱｰﾑﾚｽｿﾌｧ,CH271   IE 41       DB  SN/01,1,オーダー,100,日本フクラ,0,A,1,ﾋﾟｰｽ,外税,84000,50,正単価,42000,42000,4200,31392,10608,B:5/21ETD(6/3)　C:1　№8515再,外税,27535,,,,,,,締請求,今回,2020/06/30,,0,,,,1130,売掛金,,,,,,,0124,東京専門店,24,専門店,,,,,,,,0,,0,,0,承認済,
2020/05/20,JUC000008791,2,2020/05,100,日本フクラ,0124,東京専門店,0363,岡田 憲和,018103,東京第二営業所諸口/デイリーズ,猪岡,倉出受注,0,売上,11089,デイリーズ,デイリーズ,181,0013,東京都三鷹市下連雀4-15-33　2F,,0422,40,6766,,,,2020/06/03,2020/06/09,2020/06/03,018099,東京店頭,A10000,南濃倉庫,,,13,㈱三協運輸サービス神奈川,01,店入れ,,,2,なし,池田様,池田様,27535,0514 0608,1,,1,製品,0011,ソファ,CH271,NE,49,,DB,SN/01,,,CH271   0001582,ﾏﾁﾙﾀﾞ ｶｳﾁ,CH271   NE 49       DB  SN/01,1,オーダー,100,日本フクラ,0,A,1,ﾋﾟｰｽ,外税,94000,50,正単価,47000,47000,4700,0,47000,B:4/30ETD(5/13)　C:ｶﾊﾞｰ無し　№8515再,外税,27535,,,,,,,締請求,今回,2020/06/30,,0,,,,1130,売掛金,,,,,,,0124,東京専門店,24,専門店,,,,,,,,0,,0,,0,承認済,
2020/05/20,JUC000008791,3,2020/05,100,日本フクラ,0124,東京専門店,0363,岡田 憲和,018103,東京第二営業所諸口/デイリーズ,猪岡,倉出受注,0,売上,11089,デイリーズ,デイリーズ,181,0013,東京都三鷹市下連雀4-15-33　2F,,0422,40,6766,,,,2020/06/03,2020/06/09,2020/06/03,018099,東京店頭,A10000,南濃倉庫,,,13,㈱三協運輸サービス神奈川,01,店入れ,,,2,なし,池田様,池田様,27535,0514 0608,1,,1,製品,0011,ソファ,CH271,N,37,,,SN/01,,,CH271   0000644,ﾏﾁﾙﾀﾞ ｸｯｼｮﾝ大,CH271   N  37           SN/01,1,オーダー,100,日本フクラ,0,A,2,ﾋﾟｰｽ,外税,0,50,正単価,0,0,0,13844,-13844,C:ｶﾊﾞｰ在庫無し　№8515再,外税,27535,,,,,,,締請求,今回,2020/06/30,,0,,,,1130,売掛金,,,,,,,0124,東京専門店,24,専門店,,,,,,,,0,,0,,0,承認済,
2020/05/20,JUC000008792,1,2020/05,100,日本フクラ,0324,名古屋専門店,0764,酒井 英紀,031000,松坂屋名古屋店,,引取修理,1,出荷,999,伊藤　陽子様,伊藤　陽子様,458,0812,愛知県名古屋市緑区神の倉4-148,,090,3152,8459,,,,2020/05/20,2020/05/20,,031000,松坂屋名古屋店,A10000,南濃倉庫,,,31,日進陸運㈱,03,直送,,,1,あり,前日TEL要　修理№5272,伊藤　陽子様,,,,,2,商品,0090,その他,0022,,,,,,,,0022    0000001,修理代,ﾌｨﾅﾝｼｪ N264AN 49L L3/518脚交換,2,プロパー,,,0,A,-1,ﾋﾟｰｽ,外税,0,0,正単価,0,0,0,0,0,名5272 N264AN 49L L3/518脚交換,外税,,,,,,,,締請求,今回,2020/02/20,,0,,,,1130,売掛金,,,,,,,0321,名古屋百貨店,21,百貨店,,,,,,,,0,済,-1,,0,承認済,
2020/05/20,JUC000008793,1,2020/05,100,日本フクラ,0324,名古屋専門店,0764,酒井 英紀,031000,松坂屋名古屋店,,修理送品,0,売上,999,伊藤　陽子様,伊藤　陽子様,458,0812,愛知県名古屋市緑区神の倉4-148,,090,3152,8459,,,,2020/05/29,2020/06/01,2020/05/29,031000,松坂屋名古屋店,A10000,南濃倉庫,,,31,日進陸運㈱,03,直送,09,AM11時,1,あり,前日TEL要　修理№5272　代替品引取有(№3164)　無償,伊藤　陽子様,,,,,2,商品,0090,その他,0022,,,,,,,,0022    0000001,修理代,ﾌｨﾅﾝｼｪ N264AN 49L L3/518脚交換,1,オーダー,100,日本フクラ,0,A,1,ﾋﾟｰｽ,外税,0,0,正単価,0,0,0,0,0,名5272 N264AN 49L L3/518脚交換,外税,,,,,,,,締請求,今回,2020/07/20,,0,,,,1130,売掛金,,,,,,,0321,名古屋百貨店,21,百貨店,,,,,,,済,1,,0,,0,承認済,
2020/05/20,JUC000008794,1,2020/05,100,日本フクラ,0128,外販コントラクト,1028,本間 妙,016780,フライミー,田村,倉出受注,0,売上,,,,,,,,,,,,,,2044/12/31,2044/12/31,2044/12/31,016780,フライミー,A10000,南濃倉庫,,,12,㈱三協運輸サービス越谷,02,センター入れ,,,2,なし,ｼﾞｰｴﾙｱｰﾙｲﾝﾍﾞｽﾄﾒﾝﾄ株式会社様(6/3),ｼﾞｰｴﾙｱｰﾙｲﾝﾍﾞｽﾄﾒﾝﾄ㈱,,,,,1,製品,0012,リビングテーブル,ELT001,N,11055,,GS,,,,ELT001  0000045,ELT001 ｾﾝﾀｰﾃｰﾌﾞﾙ,ELT001  N  11055    GS,2,プロパー,,,0,A,1,ﾋﾟｰｽ,外税,153000,60,正単価,91800,91800,9180,55500,36300,20/06/03 部材問合わせ済,外税,,,,,,,,締請求,今回,2045/01/31,,0,,,,1130,売掛金,,,,,,,0128,外販コントラクト,28,外販,,,,,,,,0,,0,,0,承認済,
2020/05/20,JUC000008795,1,2020/05,100,日本フクラ,0527,大阪ハウジング,1035,隈元 常登,053325,藤栄ＦＩＳ大阪,岡田,倉出受注,0,売上,10759,(株）藤栄　平野倉庫,(株）藤栄　平野倉庫,547,0024,大阪府大阪市平野区瓜破1-9-51,,06,6700,6999,,,,2044/12/31,2044/12/31,2044/12/31,053325,藤栄ＦＩＳ大阪,A10000,南濃倉庫,,,51,サンコーExpress（株）,02,センター入れ,,,2,なし,1UG ﾌﾟﾚｻﾝｽﾛｼﾞｪ橿原神宮駅前(1005号)様艇 8月予定,橿原神宮駅前1005号,,,,,1,製品,0011,ソファ,T723,BE,03,,DB2,38/6177,,,T723    0001204,ﾘﾈｱ 3Pｿﾌｧ,T723    BE 03       DB2 38/6177,1,オーダー,100,日本フクラ,0,A,1,ﾋﾟｰｽ,外税,325000,55,正単価,178750,178750,17875,120370,58380,20/08/01 UG,外税,,,,,,,,締請求,今回,2045/02/20,,0,,,,1130,売掛金,,,,,,,0527,大阪ハウジング,27,ハウジング,,,,,,,,0,,0,,0,承認済,
2020/05/20,JUC000008795,2,2020/05,100,日本フクラ,0527,大阪ハウジング,1035,隈元 常登,053325,藤栄ＦＩＳ大阪,岡田,倉出受注,0,売上,10759,(株）藤栄　平野倉庫,(株）藤栄　平野倉庫,547,0024,大阪府大阪市平野区瓜破1-9-51,,06,6700,6999,,,,2044/12/31,2044/12/31,2044/12/31,053325,藤栄ＦＩＳ大阪,A10000,南濃倉庫,,,51,サンコーExpress（株）,02,センター入れ,,,2,なし,1UG ﾌﾟﾚｻﾝｽﾛｼﾞｪ橿原神宮駅前(1005号)様艇 8月予定,橿原神宮駅前1005号,,,,,1,製品,0011,ソファ,T723,BE,17,,DB2,38/6177,,,T723    0001205,ﾘﾈｱ ｽﾂｰﾙ,T723    BE 17       DB2 38/6177,1,オーダー,100,日本フクラ,0,A,1,ﾋﾟｰｽ,外税,122000,55,正単価,67100,67100,6710,45185,21915,20/08/01,外税,,,,,,,,締請求,今回,2045/02/20,,0,,,,1130,売掛金,,,,,,,0527,大阪ハウジング,27,ハウジング,,,,,,,,0,,0,,0,承認済,
2020/05/20,JUC000008795,3,2020/05,100,日本フクラ,0527,大阪ハウジング,1035,隈元 常登,053325,藤栄ＦＩＳ大阪,岡田,倉出受注,0,売上,10759,(株）藤栄　平野倉庫,(株）藤栄　平野倉庫,547,0024,大阪府大阪市平野区瓜破1-9-51,,06,6700,6999,,,,2044/12/31,2044/12/31,2044/12/31,053325,藤栄ＦＩＳ大阪,A10000,南濃倉庫,,,51,サンコーExpress（株）,02,センター入れ,,,2,なし,1UG ﾌﾟﾚｻﾝｽﾛｼﾞｪ橿原神宮駅前(1005号)様艇 8月予定,橿原神宮駅前1005号,,,,,1,製品,0012,リビングテーブル,SLT528,,40R,G,SG,,,,SLT528  0000015,ｶｽﾄｰﾙ ﾘﾋﾞﾝｸﾞﾃｰﾌﾞﾙH SG,SLT528     40R   G  SG,2,プロパー,,,0,A,1,ﾋﾟｰｽ,外税,31000,55,正単価,17050,17050,1705,11439,5611,20/08/01,外税,,,,,,,,締請求,今回,2045/02/20,,0,,,,1130,売掛金,,,,,,,0527,大阪ハウジング,27,ハウジング,,,,,,,,0,,0,,0,承認済,
2020/05/20,JUC000008795,4,2020/05,100,日本フクラ,0527,大阪ハウジング,1035,隈元 常登,053325,藤栄ＦＩＳ大阪,岡田,倉出受注,0,売上,10759,(株）藤栄　平野倉庫,(株）藤栄　平野倉庫,547,0024,大阪府大阪市平野区瓜破1-9-51,,06,6700,6999,,,,2044/12/31,2044/12/31,2044/12/31,053325,藤栄ＦＩＳ大阪,A10000,南濃倉庫,,,51,サンコーExpress（株）,02,センター入れ,,,2,なし,1UG ﾌﾟﾚｻﾝｽﾛｼﾞｪ橿原神宮駅前(1005号)様艇 8月予定,橿原神宮駅前1005号,,,,,1,製品,0012,リビングテーブル,SLT528,,40R,F,,,,,SLT528  0000020,ｶｽﾄｰﾙ ﾘﾋﾞﾝｸﾞﾃｰﾌﾞﾙHF,SLT528     40R   F,2,プロパー,,,0,A,1,ﾋﾟｰｽ,外税,66000,55,正単価,36300,36300,3630,22237,14063,20/08/01,外税,,,,,,,,締請求,今回,2045/02/20,,0,,,,1130,売掛金,,,,,,,0527,大阪ハウジング,27,ハウジング,,,,,,,,0,,0,,0,承認済,
2020/05/20,JUC000008796,1,2020/05,100,日本フクラ,0527,大阪ハウジング,1035,隈元 常登,053325,藤栄ＦＩＳ大阪,岡田,倉出受注,0,売上,10759,(株）藤栄　平野倉庫,(株）藤栄　平野倉庫,547,0024,大阪府大阪市平野区瓜破1-9-51,,06,6700,6999,,,,2044/12/31,2044/12/31,2044/12/31,053325,藤栄ＦＩＳ大阪,A10000,南濃倉庫,,,51,サンコーExpress（株）,02,センター入れ,,,2,なし,ﾌﾟﾚｻﾝｽﾛｼﾞｪ橿原神宮駅前(1005号)様艇 8月予定　No.8795同送,橿原神宮駅前1005号,,,,,1,製品,0013,ダイニングチェア,D528,,10,,DB,22/2618,,,D528    0000101,ｶｽﾄｰﾙD ｱｰﾑﾚｽﾁｪｱ,D528       10       DB  22/2618,1,オーダー,100,日本フクラ,0,A,4,ﾋﾟｰｽ,外税,81000,55,正単価,44550,178200,17820,119996,58204,20/08/01,外税,,,,,,,,締請求,今回,2045/02/20,,0,,,,1130,売掛金,,,,,,,0527,大阪ハウジング,27,ハウジング,,,,,,,,0,,0,,0,承認済,
2020/05/20,JUC000008796,2,2020/05,100,日本フクラ,0527,大阪ハウジング,1035,隈元 常登,053325,藤栄ＦＩＳ大阪,岡田,倉出受注,0,売上,10759,(株）藤栄　平野倉庫,(株）藤栄　平野倉庫,547,0024,大阪府大阪市平野区瓜破1-9-51,,06,6700,6999,,,,2044/12/31,2044/12/31,2044/12/31,053325,藤栄ＦＩＳ大阪,A10000,南濃倉庫,,,51,サンコーExpress（株）,02,センター入れ,,,2,なし,ﾌﾟﾚｻﾝｽﾛｼﾞｪ橿原神宮駅前(1005号)様艇 8月予定　No.8795同送,橿原神宮駅前1005号,,,,,2,商品,0014,ダイニングテーブル,D528,,160,T,DB,,,,D528    0000224,ｶｽﾄｰﾙD ﾀﾞｲﾆﾝｸﾞﾃｰﾌﾞﾙ ﾃﾝﾊﾞﾝ,D528       160   T  DB,2,プロパー,,,0,A,1,ﾋﾟｰｽ,外税,102000,55,正単価,56100,56100,5610,33600,22500,20/08/01,外税,,,,,,,,締請求,今回,2045/02/20,,0,,,,1130,売掛金,,,,,,,0527,大阪ハウジング,27,ハウジング,,,,,,,,0,,0,,0,承認済,
2020/05/20,JUC000008796,3,2020/05,100,日本フクラ,0527,大阪ハウジング,1035,隈元 常登,053325,藤栄ＦＩＳ大阪,岡田,倉出受注,0,売上,10759,(株）藤栄　平野倉庫,(株）藤栄　平野倉庫,547,0024,大阪府大阪市平野区瓜破1-9-51,,06,6700,6999,,,,2044/12/31,2044/12/31,2044/12/31,053325,藤栄ＦＩＳ大阪,A10000,南濃倉庫,,,51,サンコーExpress（株）,02,センター入れ,,,2,なし,ﾌﾟﾚｻﾝｽﾛｼﾞｪ橿原神宮駅前(1005号)様艇 8月予定　No.8795同送,橿原神宮駅前1005号,,,,,2,商品,0014,ダイニングテーブル,D528,,,F,,,,,D528    0000091,ｶｽﾄｰﾙD ﾀﾞｲﾆﾝｸﾞﾃｰﾌﾞﾙF,D528             F,2,プロパー,,,0,A,1,ﾋﾟｰｽ,外税,74000,55,正単価,40700,40700,4070,28556,12144,20/08/01,外税,,,,,,,,締請求,今回,2045/02/20,,0,,,,1130,売掛金,,,,,,,0527,大阪ハウジング,27,ハウジング,,,,,,,,0,,0,,0,承認済,
2020/05/20,JUC000008797,1,2020/05,100,日本フクラ,0324,名古屋専門店,0764,酒井 英紀,038890,静岡諸口／コシイシ,,倉出受注,0,売上,11398,家具プラザ　コシイシ,家具プラザ　コシイシ,400,0118,山梨県甲斐市竜王1008,●木曜定休荷受不可●,055,276,3206,,,,2020/06/25,2020/06/30,2020/06/25,037760,名古屋諸口,A10000,南濃倉庫,,,60,㈱ヤマトホームコンビニエンス,01,店入れ,,,2,なし,◆申請待ち◆,,,,,,1,製品,0011,ソファ,CH232,IN,09,,,SP/180,,9,CH232   0001636,ﾚｺﾙﾀ2 2P片肘ｿﾌｧ,CH232   IN 09           SP/180         9,1,オーダー,100,日本フクラ,0,A,2,ﾋﾟｰｽ,外税,95000,38,正単価,36100,72200,7220,71400,800,9:旧ｶﾊﾞｰ使用　B:13　C:8,外税,,,,,,,,締請求,今回,2020/07/31,,0,,,,1130,売掛金,,,,,,,0324,名古屋専門店,24,専門店,,,,,,,,0,,0,,0,承認済,
2020/05/20,JUC000008797,2,2020/05,100,日本フクラ,0324,名古屋専門店,0764,酒井 英紀,038890,静岡諸口／コシイシ,,倉出受注,0,売上,11398,家具プラザ　コシイシ,家具プラザ　コシイシ,400,0118,山梨県甲斐市竜王1008,●木曜定休荷受不可●,055,276,3206,,,,2020/06/25,2020/06/30,2020/06/25,037760,名古屋諸口,A10000,南濃倉庫,,,60,㈱ヤマトホームコンビニエンス,01,店入れ,,,2,なし,◆申請待ち◆,,,,,,1,製品,0011,ソファ,CH232,IN,49,,,SP/180,,9,CH232   0001635,ﾚｺﾙﾀ2 ｶｳﾁ,CH232   IN 49           SP/180         9,1,オーダー,100,日本フクラ,0,A,2,ﾋﾟｰｽ,外税,93000,38,正単価,35340,70680,7068,69800,880,9:旧ｶﾊﾞｰ使用　B:16　C:7,外税,,,,,,,,締請求,今回,2020/07/31,,0,,,,1130,売掛金,,,,,,,0324,名古屋専門店,24,専門店,,,,,,,,0,,0,,0,承認済,
2020/05/20,JUC000008797,3,2020/05,100,日本フクラ,0324,名古屋専門店,0764,酒井 英紀,038890,静岡諸口／コシイシ,,倉出受注,0,売上,11398,家具プラザ　コシイシ,家具プラザ　コシイシ,400,0118,山梨県甲斐市竜王1008,●木曜定休荷受不可●,055,276,3206,,,,2020/06/25,2020/06/30,2020/06/25,037760,名古屋諸口,A10000,南濃倉庫,,,60,㈱ヤマトホームコンビニエンス,01,店入れ,,,2,なし,◆申請待ち◆,,,,,,1,製品,0011,ソファ,CH232,IN,08,,,SP/180,,9,CH232   0001749,ﾚｺﾙﾀ2 2P片肘ｿﾌｧ,CH232   IN 08           SP/180        9,1,オーダー,100,日本フクラ,0,A,1,ﾋﾟｰｽ,外税,95000,38,正単価,36100,36100,3610,0,36100,9:旧ｶﾊﾞｰ使用　B:16　C:15,外税,,,,,,,,締請求,今回,2020/07/31,,0,,,,1130,売掛金,,,,,,,0324,名古屋専門店,24,専門店,,,,,,,,0,,0,,0,承認済,
2020/05/20,JUC000008797,4,2020/05,100,日本フクラ,0324,名古屋専門店,0764,酒井 英紀,038890,静岡諸口／コシイシ,,倉出受注,0,売上,11398,家具プラザ　コシイシ,家具プラザ　コシイシ,400,0118,山梨県甲斐市竜王1008,●木曜定休荷受不可●,055,276,3206,,,,2020/06/25,2020/06/30,2020/06/25,037760,名古屋諸口,A10000,南濃倉庫,,,60,㈱ヤマトホームコンビニエンス,01,店入れ,,,2,なし,◆申請待ち◆,,,,,,1,製品,0011,ソファ,CH232,IN,50,,,SP/180,,9,CH232   0001750,ﾚｺﾙﾀ2 ｶｳﾁ,CH232   IN 50           SP/180        9,1,オーダー,100,日本フクラ,0,A,1,ﾋﾟｰｽ,外税,93000,38,正単価,35340,35340,3534,34900,440,9:旧ｶﾊﾞｰ使用　B:20　C:16,外税,,,,,,,,締請求,今回,2020/07/31,,0,,,,1130,売掛金,,,,,,,0324,名古屋専門店,24,専門店,,,,,,,,0,,0,,0,承認済,
2020/05/20,JUC000008797,5,2020/05,100,日本フクラ,0324,名古屋専門店,0764,酒井 英紀,038890,静岡諸口／コシイシ,,倉出受注,0,売上,11398,家具プラザ　コシイシ,家具プラザ　コシイシ,400,0118,山梨県甲斐市竜王1008,●木曜定休荷受不可●,055,276,3206,,,,2020/06/25,2020/06/30,2020/06/25,037760,名古屋諸口,A10000,南濃倉庫,,,60,㈱ヤマトホームコンビニエンス,01,店入れ,,,2,なし,◆申請待ち◆,,,,,,1,製品,0011,ソファ,CH232,NN,37,,,SP/180,,,CH232   0000860,ﾚｺﾙﾀ ｸｯｼｮﾝ大,CH232   NN 37           SP/180,1,オーダー,100,日本フクラ,0,A,6,ﾋﾟｰｽ,外税,0,0,正単価,0,0,0,44322,-44322,C:在庫無し,外税,,,,,,,,締請求,今回,2020/07/31,,0,,,,1130,売掛金,,,,,,,0324,名古屋専門店,24,専門店,,,,,,,,0,,0,,0,承認済,
2020/05/20,JUC000008798,1,2020/05,100,日本フクラ,0324,名古屋専門店,0764,酒井 英紀,038890,静岡諸口／コシイシ,,倉出受注,0,売上,11398,家具プラザ　コシイシ,家具プラザ　コシイシ,400,0118,山梨県甲斐市竜王1008,●木曜定休荷受不可●,055,276,3206,,,,2020/07/22,2020/07/31,2020/07/22,037760,名古屋諸口,A10000,南濃倉庫,,,60,㈱ヤマトホームコンビニエンス,01,店入れ,,,2,なし,◆申請待ち◆,,,,,,1,製品,0011,ソファ,CH232,IN,09,,,SP/180,,9,CH232   0001636,ﾚｺﾙﾀ2 2P片肘ｿﾌｧ,CH232   IN 09           SP/180         9,1,オーダー,100,日本フクラ,0,A,1,ﾋﾟｰｽ,外税,95000,38,正単価,36100,36100,3610,35700,400,9:旧ｶﾊﾞｰ使用　B:11　C:6,外税,,,,,,,,締請求,今回,2020/08/31,,0,,,,1130,売掛金,,,,,,,0324,名古屋専門店,24,専門店,,,,,,,,0,,0,,0,承認済,
2020/05/20,JUC000008798,2,2020/05,100,日本フクラ,0324,名古屋専門店,0764,酒井 英紀,038890,静岡諸口／コシイシ,,倉出受注,0,売上,11398,家具プラザ　コシイシ,家具プラザ　コシイシ,400,0118,山梨県甲斐市竜王1008,●木曜定休荷受不可●,055,276,3206,,,,2020/07/22,2020/07/31,2020/07/22,037760,名古屋諸口,A10000,南濃倉庫,,,60,㈱ヤマトホームコンビニエンス,01,店入れ,,,2,なし,◆申請待ち◆,,,,,,1,製品,0011,ソファ,CH232,IN,49,,,SP/180,,9,CH232   0001635,ﾚｺﾙﾀ2 ｶｳﾁ,CH232   IN 49           SP/180         9,1,オーダー,100,日本フクラ,0,A,1,ﾋﾟｰｽ,外税,93000,38,正単価,35340,35340,3534,34900,440,9:旧ｶﾊﾞｰ使用　B:14　C:5,外税,,,,,,,,締請求,今回,2020/08/31,,0,,,,1130,売掛金,,,,,,,0324,名古屋専門店,24,専門店,,,,,,,,0,,0,,0,承認済,
2020/05/20,JUC000008798,3,2020/05,100,日本フクラ,0324,名古屋専門店,0764,酒井 英紀,038890,静岡諸口／コシイシ,,倉出受注,0,売上,11398,家具プラザ　コシイシ,家具プラザ　コシイシ,400,0118,山梨県甲斐市竜王1008,●木曜定休荷受不可●,055,276,3206,,,,2020/07/22,2020/07/31,2020/07/22,037760,名古屋諸口,A10000,南濃倉庫,,,60,㈱ヤマトホームコンビニエンス,01,店入れ,,,2,なし,◆申請待ち◆,,,,,,1,製品,0011,ソファ,CH232,IN,08,,,SP/180,,9,CH232   0001749,ﾚｺﾙﾀ2 2P片肘ｿﾌｧ,CH232   IN 08           SP/180        9,1,オーダー,100,日本フクラ,0,A,2,ﾋﾟｰｽ,外税,95000,38,正単価,36100,72200,7220,0,72200,9:旧ｶﾊﾞｰ使用　B:15　C:14,外税,,,,,,,,締請求,今回,2020/08/31,,0,,,,1130,売掛金,,,,,,,0324,名古屋専門店,24,専門店,,,,,,,,0,,0,,0,承認済,
2020/05/20,JUC000008798,4,2020/05,100,日本フクラ,0324,名古屋専門店,0764,酒井 英紀,038890,静岡諸口／コシイシ,,倉出受注,0,売上,11398,家具プラザ　コシイシ,家具プラザ　コシイシ,400,0118,山梨県甲斐市竜王1008,●木曜定休荷受不可●,055,276,3206,,,,2020/07/22,2020/07/31,2020/07/22,037760,名古屋諸口,A10000,南濃倉庫,,,60,㈱ヤマトホームコンビニエンス,01,店入れ,,,2,なし,◆申請待ち◆,,,,,,1,製品,0011,ソファ,CH232,IN,50,,,SP/180,,9,CH232   0001750,ﾚｺﾙﾀ2 ｶｳﾁ,CH232   IN 50           SP/180        9,1,オーダー,100,日本フクラ,0,A,2,ﾋﾟｰｽ,外税,93000,38,正単価,35340,70680,7068,69800,880,9:旧ｶﾊﾞｰ使用　B:19　C:15,外税,,,,,,,,締請求,今回,2020/08/31,,0,,,,1130,売掛金,,,,,,,0324,名古屋専門店,24,専門店,,,,,,,,0,,0,,0,承認済,
2020/05/20,JUC000008798,5,2020/05,100,日本フクラ,0324,名古屋専門店,0764,酒井 英紀,038890,静岡諸口／コシイシ,,倉出受注,0,売上,11398,家具プラザ　コシイシ,家具プラザ　コシイシ,400,0118,山梨県甲斐市竜王1008,●木曜定休荷受不可●,055,276,3206,,,,2020/07/22,2020/07/31,2020/07/22,037760,名古屋諸口,A10000,南濃倉庫,,,60,㈱ヤマトホームコンビニエンス,01,店入れ,,,2,なし,◆申請待ち◆,,,,,,1,製品,0011,ソファ,CH232,NN,37,,,SP/180,,,CH232   0000860,ﾚｺﾙﾀ ｸｯｼｮﾝ大,CH232   NN 37           SP/180,1,オーダー,100,日本フクラ,0,A,6,ﾋﾟｰｽ,外税,0,0,正単価,0,0,0,44322,-44322,C:在庫無し,外税,,,,,,,,締請求,今回,2020/08/31,,0,,,,1130,売掛金,,,,,,,0324,名古屋専門店,24,専門店,,,,,,,,0,,0,,0,承認済,
2020/05/20,JUC000008799,1,2020/05,100,日本フクラ,0324,名古屋専門店,0764,酒井 英紀,038890,静岡諸口／コシイシ,,倉出受注,0,売上,11398,家具プラザ　コシイシ,家具プラザ　コシイシ,400,0118,山梨県甲斐市竜王1008,●木曜定休荷受不可●,055,276,3206,,,,2020/08/25,2020/08/31,2020/08/25,037760,名古屋諸口,A10000,南濃倉庫,,,60,㈱ヤマトホームコンビニエンス,01,店入れ,,,2,なし,◆申請待ち◆,,,,,,1,製品,0011,ソファ,CH232,IN,09,,,SP/180,,9,CH232   0001636,ﾚｺﾙﾀ2 2P片肘ｿﾌｧ,CH232   IN 09           SP/180         9,1,オーダー,100,日本フクラ,0,A,2,ﾋﾟｰｽ,外税,95000,38,正単価,36100,72200,7220,71400,800,9:旧ｶﾊﾞｰ使用　B:10　C:5,外税,,,,,,,,締請求,今回,2020/09/30,,0,,,,1130,売掛金,,,,,,,0324,名古屋専門店,24,専門店,,,,,,,,0,,0,,0,承認済,
2020/05/20,JUC000008799,2,2020/05,100,日本フクラ,0324,名古屋専門店,0764,酒井 英紀,038890,静岡諸口／コシイシ,,倉出受注,0,売上,11398,家具プラザ　コシイシ,家具プラザ　コシイシ,400,0118,山梨県甲斐市竜王1008,●木曜定休荷受不可●,055,276,3206,,,,2020/08/25,2020/08/31,2020/08/25,037760,名古屋諸口,A10000,南濃倉庫,,,60,㈱ヤマトホームコンビニエンス,01,店入れ,,,2,なし,◆申請待ち◆,,,,,,1,製品,0011,ソファ,CH232,IN,49,,,SP/180,,9,CH232   0001635,ﾚｺﾙﾀ2 ｶｳﾁ,CH232   IN 49           SP/180         9,1,オーダー,100,日本フクラ,0,A,2,ﾋﾟｰｽ,外税,93000,38,正単価,35340,70680,7068,69800,880,9:旧ｶﾊﾞｰ使用　B:13　C:4,外税,,,,,,,,締請求,今回,2020/09/30,,0,,,,1130,売掛金,,,,,,,0324,名古屋専門店,24,専門店,,,,,,,,0,,0,,0,承認済,
2020/05/20,JUC000008799,3,2020/05,100,日本フクラ,0324,名古屋専門店,0764,酒井 英紀,038890,静岡諸口／コシイシ,,倉出受注,0,売上,11398,家具プラザ　コシイシ,家具プラザ　コシイシ,400,0118,山梨県甲斐市竜王1008,●木曜定休荷受不可●,055,276,3206,,,,2020/08/25,2020/08/31,2020/08/25,037760,名古屋諸口,A10000,南濃倉庫,,,60,㈱ヤマトホームコンビニエンス,01,店入れ,,,2,なし,◆申請待ち◆,,,,,,1,製品,0011,ソファ,CH232,IN,08,,,SP/180,,9,CH232   0001749,ﾚｺﾙﾀ2 2P片肘ｿﾌｧ,CH232   IN 08           SP/180        9,1,オーダー,100,日本フクラ,0,A,2,ﾋﾟｰｽ,外税,95000,38,正単価,36100,72200,7220,0,72200,9:旧ｶﾊﾞｰ使用　B:13　C:12,外税,,,,,,,,締請求,今回,2020/09/30,,0,,,,1130,売掛金,,,,,,,0324,名古屋専門店,24,専門店,,,,,,,,0,,0,,0,承認済,
2020/05/20,JUC000008799,4,2020/05,100,日本フクラ,0324,名古屋専門店,0764,酒井 英紀,038890,静岡諸口／コシイシ,,倉出受注,0,売上,11398,家具プラザ　コシイシ,家具プラザ　コシイシ,400,0118,山梨県甲斐市竜王1008,●木曜定休荷受不可●,055,276,3206,,,,2020/08/25,2020/08/31,2020/08/25,037760,名古屋諸口,A10000,南濃倉庫,,,60,㈱ヤマトホームコンビニエンス,01,店入れ,,,2,なし,◆申請待ち◆,,,,,,1,製品,0011,ソファ,CH232,IN,50,,,SP/180,,9,CH232   0001750,ﾚｺﾙﾀ2 ｶｳﾁ,CH232   IN 50           SP/180        9,1,オーダー,100,日本フクラ,0,A,2,ﾋﾟｰｽ,外税,93000,38,正単価,35340,70680,7068,69800,880,9:旧ｶﾊﾞｰ使用　B:17　C:13,外税,,,,,,,,締請求,今回,2020/09/30,,0,,,,1130,売掛金,,,,,,,0324,名古屋専門店,24,専門店,,,,,,,,0,,0,,0,承認済,
2020/05/20,JUC000008799,5,2020/05,100,日本フクラ,0324,名古屋専門店,0764,酒井 英紀,038890,静岡諸口／コシイシ,,倉出受注,0,売上,11398,家具プラザ　コシイシ,家具プラザ　コシイシ,400,0118,山梨県甲斐市竜王1008,●木曜定休荷受不可●,055,276,3206,,,,2020/08/25,2020/08/31,2020/08/25,037760,名古屋諸口,A10000,南濃倉庫,,,60,㈱ヤマトホームコンビニエンス,01,店入れ,,,2,なし,◆申請待ち◆,,,,,,1,製品,0011,ソファ,CH232,NN,37,,,SP/180,,,CH232   0000860,ﾚｺﾙﾀ ｸｯｼｮﾝ大,CH232   NN 37           SP/180,1,オーダー,100,日本フクラ,0,A,8,ﾋﾟｰｽ,外税,0,0,正単価,0,0,0,59096,-59096,C:在庫無し,外税,,,,,,,,締請求,今回,2020/09/30,,0,,,,1130,売掛金,,,,,,,0324,名古屋専門店,24,専門店,,,,,,,,0,,0,,0,承認済,
2020/05/20,JUC000008800,1,2020/05,100,日本フクラ,0128,外販コントラクト,1028,本間 妙,017624,コントラクト／フリートュビーミー,前畑,倉出受注,0,売上,999,吉永房子様,吉永房子様,272,0823,千葉県市川市東菅野1-9-10,,,,,,,,2020/06/23,2055/05/05,2020/06/23,017600,外販コントラクト,A10000,南濃倉庫,,,12,㈱三協運輸サービス越谷,03,直送,,,2,なし,1UG 前日TEL要,吉永房子様,,,,,1,製品,0011,ソファ,N264,BN,17S,,DB,336,,,N264    0002995,ﾌｨﾅﾝｼｪ ｽﾂｰﾙS,N264    BN 17S      DB  336,1,オーダー,100,日本フクラ,0,A,1,ﾋﾟｰｽ,外税,186000,65,正単価,120900,120900,12090,0,120900,UG,外税,,,,,,,,締請求,今回,2020/07/31,,0,,,,1130,売掛金,,,,,,,0128,外販コントラクト,28,外販,,,,,,,,0,,0,,0,承認済,
2020/05/20,JUC000008800,2,2020/05,100,日本フクラ,0128,外販コントラクト,1028,本間 妙,017624,コントラクト／フリートュビーミー,前畑,倉出受注,0,売上,999,吉永房子様,吉永房子様,272,0823,千葉県市川市東菅野1-9-10,,,,,,,,2020/06/23,2055/05/05,2020/06/23,017600,外販コントラクト,A10000,南濃倉庫,,,12,㈱三協運輸サービス越谷,03,直送,,,2,なし,1UG 前日TEL要,吉永房子様,,,,,2,商品,0090,その他,0003,,,,,,,,0003    0000001,送料,0003,2,プロパー,,,0,A,1,ﾋﾟｰｽ,外税,6000,100,正単価,6000,6000,600,0,6000,,外税,,,,,,,,締請求,今回,2020/07/31,,0,,,,1130,売掛金,,,,,,,0128,外販コントラクト,28,外販,,,,,,,,0,,0,,0,承認済,
2020/05/20,JUC000008801,1,2020/05,100,日本フクラ,0127,東京ハウジング,0755,長谷川 和人,016115,住友林業住宅営業部,岡崎(城南),倉出受注,0,売上,,,,,,,,,,,,,,2020/07/21,2055/05/05,2020/07/21,016100,住友林業,A10000,南濃倉庫,,,12,㈱三協運輸サービス越谷,02,センター入れ,,,2,なし,1UG　村垣　善浩様　8月　◆SLT528金額確認中:正￥89000,村垣　善浩様,174-09518,,,,1,製品,0011,ソファ,N528,,42,,DB,22/5508,,,N528    0004134,ｶｽﾄｰﾙ ｱｰﾑﾚｽｿﾌｧ,N528       42       DB  22/5508,1,オーダー,100,日本フクラ,0,A,1,ﾋﾟｰｽ,外税,228000,60,正単価,136800,136800,13680,84444,52356,UG,外税,174-09518,,,,,,,締請求,今回,2020/08/31,,0,,,,1130,売掛金,,,,,,,0127,東京ハウジング,27,ハウジング,,,,,,,,0,,0,,0,承認済,
2020/05/20,JUC000008801,2,2020/05,100,日本フクラ,0127,東京ハウジング,0755,長谷川 和人,016115,住友林業住宅営業部,岡崎(城南),倉出受注,0,売上,,,,,,,,,,,,,,2020/07/21,2055/05/05,2020/07/21,016100,住友林業,A10000,南濃倉庫,,,12,㈱三協運輸サービス越谷,02,センター入れ,,,2,なし,1UG　村垣　善浩様　8月　◆SLT528金額確認中:正￥89000,村垣　善浩様,174-09518,,,,1,製品,0011,ソファ,N528,,49,,DB,22/5508,,,N528    0003863,ｶｽﾄｰﾙ ｶｳﾁ,N528       49       DB  22/5508,1,オーダー,100,日本フクラ,0,A,1,ﾋﾟｰｽ,外税,271000,60,正単価,162600,162600,16260,100370,62230,,外税,174-09518,,,,,,,締請求,今回,2020/08/31,,0,,,,1130,売掛金,,,,,,,0127,東京ハウジング,27,ハウジング,,,,,,,,0,,0,,0,承認済,
2020/05/20,JUC000008801,3,2020/05,100,日本フクラ,0127,東京ハウジング,0755,長谷川 和人,016115,住友林業住宅営業部,岡崎(城南),倉出受注,0,売上,,,,,,,,,,,,,,2020/07/21,2055/05/05,2020/07/21,016100,住友林業,A10000,南濃倉庫,,,12,㈱三協運輸サービス越谷,02,センター入れ,,,2,なし,1UG　村垣　善浩様　8月　◆SLT528金額確認中:正￥89000,村垣　善浩様,174-09518,,,,1,製品,0011,ソファ,N528,,17,,DB,22/5508,,,N528    0003764,ｶｽﾄｰﾙ ｽﾂｰﾙ,N528       17       DB  22/5508,1,オーダー,100,日本フクラ,0,A,1,ﾋﾟｰｽ,外税,121000,60,正単価,72600,72600,7260,44814,27786,,外税,174-09518,,,,,,,締請求,今回,2020/08/31,,0,,,,1130,売掛金,,,,,,,0127,東京ハウジング,27,ハウジング,,,,,,,,0,,0,,0,承認済,
2020/05/20,JUC000008801,4,2020/05,100,日本フクラ,0127,東京ハウジング,0755,長谷川 和人,016115,住友林業住宅営業部,岡崎(城南),倉出受注,0,売上,,,,,,,,,,,,,,2020/07/21,2055/05/05,2020/07/21,016100,住友林業,A10000,南濃倉庫,,,12,㈱三協運輸サービス越谷,02,センター入れ,,,2,なし,1UG　村垣　善浩様　8月　◆SLT528金額確認中:正￥89000,村垣　善浩様,174-09518,,,,1,製品,0011,ソファ,N528,,37,,,22/5508,,,N528    0003572,ｶｽﾄｰﾙ 背ｸｯｼｮﾝ,N528       37           22/5508,1,オーダー,100,日本フクラ,0,A,2,ﾋﾟｰｽ,外税,27000,60,正単価,16200,32400,3240,20000,12400,,外税,174-09518,,,,,,,締請求,今回,2020/08/31,,0,,,,1130,売掛金,,,,,,,0127,東京ハウジング,27,ハウジング,,,,,,,,0,,0,,0,承認済,
2020/05/20,JUC000008801,5,2020/05,100,日本フクラ,0127,東京ハウジング,0755,長谷川 和人,016115,住友林業住宅営業部,岡崎(城南),倉出受注,0,売上,,,,,,,,,,,,,,2020/07/21,2055/05/05,2020/07/21,016100,住友林業,A10000,南濃倉庫,,,12,㈱三協運輸サービス越谷,02,センター入れ,,,2,なし,1UG　村垣　善浩様　8月　◆SLT528金額確認中:正￥89000,村垣　善浩様,174-09518,,,,1,製品,0011,ソファ,N528,,36,,,22/5508,,,N528    0003571,ｶｽﾄｰﾙ 背ｸｯｼｮﾝ,N528       36           22/5508,1,オーダー,100,日本フクラ,0,A,1,ﾋﾟｰｽ,外税,21000,60,正単価,12600,12600,1260,7777,4823,,外税,174-09518,,,,,,,締請求,今回,2020/08/31,,0,,,,1130,売掛金,,,,,,,0127,東京ハウジング,27,ハウジング,,,,,,,,0,,0,,0,承認済,
2020/05/20,JUC000008801,6,2020/05,100,日本フクラ,0127,東京ハウジング,0755,長谷川 和人,016115,住友林業住宅営業部,岡崎(城南),倉出受注,0,売上,,,,,,,,,,,,,,2020/07/21,2055/05/05,2020/07/21,016100,住友林業,A10000,南濃倉庫,,,12,㈱三協運輸サービス越谷,02,センター入れ,,,2,なし,1UG　村垣　善浩様　8月　◆SLT528金額確認中:正￥89000,村垣　善浩様,174-09518,,,,1,製品,0011,ソファ,N528,,26,,,22/5508,,,N528    0003573,ｶｽﾄｰﾙ ﾎﾞﾙｽﾀｰ,N528       26           22/5508,1,オーダー,100,日本フクラ,0,A,2,ﾋﾟｰｽ,外税,23000,60,正単価,13800,27600,2760,17036,10564,,外税,174-09518,,,,,,,締請求,今回,2020/08/31,,0,,,,1130,売掛金,,,,,,,0127,東京ハウジング,27,ハウジング,,,,,,,,0,,0,,0,承認済,
2020/05/20,JUC000008801,7,2020/05,100,日本フクラ,0127,東京ハウジング,0755,長谷川 和人,016115,住友林業住宅営業部,岡崎(城南),倉出受注,0,売上,,,,,,,,,,,,,,2020/07/21,2055/05/05,2020/07/21,016100,住友林業,A10000,南濃倉庫,,,12,㈱三協運輸サービス越谷,02,センター入れ,,,2,なし,1UG　村垣　善浩様　8月　◆SLT528金額確認中:正￥89000,村垣　善浩様,174-09518,,,,1,製品,0012,リビングテーブル,SLT528,,40R,T,BW,,,,SLT528  0000023,ｶｽﾄｰﾙ ﾘﾋﾞﾝｸﾞﾃｰﾌﾞﾙHT,SLT528     40R   T  BW,2,プロパー,,,0,A,1,ﾋﾟｰｽ,外税,25000,60,正単価,15000,15000,1500,8426,6574,,外税,174-09518,,,,,,,締請求,今回,2020/08/31,,0,,,,1130,売掛金,,,,,,,0127,東京ハウジング,27,ハウジング,,,,,,,,0,,0,,0,承認済,
2020/05/20,JUC000008801,8,2020/05,100,日本フクラ,0127,東京ハウジング,0755,長谷川 和人,016115,住友林業住宅営業部,岡崎(城南),倉出受注,0,売上,,,,,,,,,,,,,,2020/07/21,2055/05/05,2020/07/21,016100,住友林業,A10000,南濃倉庫,,,12,㈱三協運輸サービス越谷,02,センター入れ,,,2,なし,1UG　村垣　善浩様　8月　◆SLT528金額確認中:正￥89000,村垣　善浩様,174-09518,,,,1,製品,0012,リビングテーブル,SLT528,,40R,F,,,,,SLT528  0000020,ｶｽﾄｰﾙ ﾘﾋﾞﾝｸﾞﾃｰﾌﾞﾙHF,SLT528     40R   F,2,プロパー,,,0,A,1,ﾋﾟｰｽ,外税,72000,60,正単価,43200,43200,4320,22237,20963,,外税,174-09518,,,,,,,締請求,今回,2020/08/31,,0,,,,1130,売掛金,,,,,,,0127,東京ハウジング,27,ハウジング,,,,,,,,0,,0,,0,承認済,
2020/05/20,JUC000008801,9,2020/05,100,日本フクラ,0127,東京ハウジング,0755,長谷川 和人,016115,住友林業住宅営業部,岡崎(城南),倉出受注,0,売上,,,,,,,,,,,,,,2020/07/21,2055/05/05,2020/07/21,016100,住友林業,A10000,南濃倉庫,,,12,㈱三協運輸サービス越谷,02,センター入れ,,,2,なし,1UG　村垣　善浩様　8月　◆SLT528金額確認中:正￥89000,村垣　善浩様,174-09518,,,,2,商品,0015,ボード,BLS,W3,200TL,,BW,,,Z,BLS     0000035,BLS TVﾎﾞｰﾄﾞ,BLS     W3 200TL    BW                Z,2,プロパー,,,0,A,1,ﾋﾟｰｽ,外税,363000,60,正単価,217800,217800,21780,0,217800,ﾊﾞｲｵｰﾀﾞｰ　HAC2199　7/9着,外税,174-09518,,,,,,,締請求,今回,2020/08/31,,0,,,,1130,売掛金,,,,,,,0127,東京ハウジング,27,ハウジング,,,,,,,,0,,0,,0,承認済,
2020/05/20,JUC000008802,1,2020/05,100,日本フクラ,0324,名古屋専門店,0800,谷田 清水,033260,吉桂,今田,倉出受注,0,売上,10377,(株）吉桂　配送センター,(株）吉桂　配送センター,485,0059,愛知県小牧市小木東３－３１,*荷受時間ＡＭ８～１２時まで,0568,72,1371,,,,2020/06/12,2055/05/05,2020/06/12,033260,吉桂,A10000,南濃倉庫,,,31,日進陸運㈱,02,センター入れ,,,2,なし,X1539651,X1539651,B59107,,,,1,製品,0011,ソファ,CH271,IE,03,,DB,SN/01,,,CH271   0001377,ﾏﾁﾙﾀﾞ 3Pｿﾌｧ,CH271   IE 03       DB  SN/01,1,オーダー,100,日本フクラ,0,A,1,ﾋﾟｰｽ,外税,125000,50,正単価,62500,62500,6250,31507,30993,B:5/21ETD(6/3)　C:5/14ETD(5/25),外税,B59107,,,,,,,締請求,今回,2020/07/10,,0,,,,1130,売掛金,,,,,,,0327,名古屋ハウジング,27,ハウジング,,,,,,,,0,,0,,0,承認済,
2020/05/20,JUC000008802,2,2020/05,100,日本フクラ,0324,名古屋専門店,0800,谷田 清水,033260,吉桂,今田,倉出受注,0,売上,10377,(株）吉桂　配送センター,(株）吉桂　配送センター,485,0059,愛知県小牧市小木東３－３１,*荷受時間ＡＭ８～１２時まで,0568,72,1371,,,,2020/06/12,2055/05/05,2020/06/12,033260,吉桂,A10000,南濃倉庫,,,31,日進陸運㈱,02,センター入れ,,,2,なし,X1539651,X1539651,B59107,,,,1,製品,0011,ソファ,CH271,I,37,,,SN/01,,,CH271   0000969,ﾏﾁﾙﾀﾞ ｸｯｼｮﾝ大,CH271   I  37           SN/01,1,オーダー,100,日本フクラ,0,A,2,ﾋﾟｰｽ,外税,0,63,正単価,0,0,0,7600,-7600,C:5/28ETD(6/10),外税,B59107,,,,,,,締請求,今回,2020/07/10,,0,,,,1130,売掛金,,,,,,,0327,名古屋ハウジング,27,ハウジング,,,,,,,,0,,0,,0,承認済,
2020/05/20,JUC000008803,1,2020/05,100,日本フクラ,0524,大阪専門店,0341,西谷 務,053301,大彌特販部,上田,倉出受注,0,売上,10553,（株）大彌リビング　ターミナル,（株）大彌リビング　ターミナル,551,0013,大阪府大阪市大正区小林西2-17-8,★1･3土/日･祝定休★,06,6551,5885,,,,2020/06/30,2020/07/01,2020/06/30,053300,大彌（大阪）,A10000,南濃倉庫,,,51,サンコーExpress（株）,02,センター入れ,,,2,なし,1UG　ｵｸﾄ･ﾍﾞﾙｲﾝﾃﾘｱ　村上様扱い　安井様分,ｵｸﾄ･ﾍﾞﾙｲﾝﾃﾘｱ　,,,,,1,製品,0011,ソファ,T517,N,09,,,L1/216,,,T517    0001210,ｸｵｰﾄﾞ 3P片肘ｿﾌｧ,T517    N  09           L1/216,1,オーダー,100,日本フクラ,0,A,1,ﾋﾟｰｽ,外税,511000,50,正単価,255500,255500,25550,189259,66241,UG,外税,,,,,,,,締請求,今回,2020/07/31,,0,,,,1130,売掛金,,,,,,,0527,大阪ハウジング,27,ハウジング,,,,,,,,0,,0,,0,承認済,
2020/05/20,JUC000008803,2,2020/05,100,日本フクラ,0524,大阪専門店,0341,西谷 務,053301,大彌特販部,上田,倉出受注,0,売上,10553,（株）大彌リビング　ターミナル,（株）大彌リビング　ターミナル,551,0013,大阪府大阪市大正区小林西2-17-8,★1･3土/日･祝定休★,06,6551,5885,,,,2020/06/30,2020/07/01,2020/06/30,053300,大彌（大阪）,A10000,南濃倉庫,,,51,サンコーExpress（株）,02,センター入れ,,,2,なし,1UG　ｵｸﾄ･ﾍﾞﾙｲﾝﾃﾘｱ　村上様扱い　安井様分,ｵｸﾄ･ﾍﾞﾙｲﾝﾃﾘｱ　,,,,,1,製品,0012,リビングテーブル,SLT528,,40R,T,BW,,,,SLT528  0000023,ｶｽﾄｰﾙ ﾘﾋﾞﾝｸﾞﾃｰﾌﾞﾙHT,SLT528     40R   T  BW,2,プロパー,,,0,A,1,ﾋﾟｰｽ,外税,23000,50,正単価,11500,11500,1150,8426,3074,,外税,,,,,,,,締請求,今回,2020/07/31,,0,,,,1130,売掛金,,,,,,,0527,大阪ハウジング,27,ハウジング,,,,,,,,0,,0,,0,承認済,
2020/05/20,JUC000008803,3,2020/05,100,日本フクラ,0524,大阪専門店,0341,西谷 務,053301,大彌特販部,上田,倉出受注,0,売上,10553,（株）大彌リビング　ターミナル,（株）大彌リビング　ターミナル,551,0013,大阪府大阪市大正区小林西2-17-8,★1･3土/日･祝定休★,06,6551,5885,,,,2020/06/30,2020/07/01,2020/06/30,053300,大彌（大阪）,A10000,南濃倉庫,,,51,サンコーExpress（株）,02,センター入れ,,,2,なし,1UG　ｵｸﾄ･ﾍﾞﾙｲﾝﾃﾘｱ　村上様扱い　安井様分,ｵｸﾄ･ﾍﾞﾙｲﾝﾃﾘｱ　,,,,,1,製品,0012,リビングテーブル,SLT528,,40R,F,,,,,SLT528  0000020,ｶｽﾄｰﾙ ﾘﾋﾞﾝｸﾞﾃｰﾌﾞﾙHF,SLT528     40R   F,2,プロパー,,,0,A,1,ﾋﾟｰｽ,外税,66000,50,正単価,33000,33000,3300,22237,10763,,外税,,,,,,,,締請求,今回,2020/07/31,,0,,,,1130,売掛金,,,,,,,0527,大阪ハウジング,27,ハウジング,,,,,,,,0,,0,,0,承認済,
2020/05/20,JUC000008803,4,2020/05,100,日本フクラ,0524,大阪専門店,0341,西谷 務,053301,大彌特販部,上田,倉出受注,0,売上,10553,（株）大彌リビング　ターミナル,（株）大彌リビング　ターミナル,551,0013,大阪府大阪市大正区小林西2-17-8,★1･3土/日･祝定休★,06,6551,5885,,,,2020/06/30,2020/07/01,2020/06/30,053300,大彌（大阪）,A10000,南濃倉庫,,,51,サンコーExpress（株）,02,センター入れ,,,2,なし,1UG　ｵｸﾄ･ﾍﾞﾙｲﾝﾃﾘｱ　村上様扱い　安井様分,ｵｸﾄ･ﾍﾞﾙｲﾝﾃﾘｱ　,,,,,2,商品,0090,その他,UNITERS,,LM100,,,,,,UNITERS 0000001,ﾚｻﾞｰｷｯﾄ,UNITERS    LM100,2,プロパー,,,0,A,1,ﾋﾟｰｽ,外税,0,50,正単価,0,0,0,2242,-2242,,外税,,,,,,,,締請求,今回,2020/07/31,,0,,,,1130,売掛金,,,,,,,0527,大阪ハウジング,27,ハウジング,,,,,,,,0,,0,,0,承認済,
2020/05/20,JUC000008804,1,2020/05,100,日本フクラ,0224,札幌専門店,0942,藤谷 岳史,021010,札幌ファニシング,米沢,倉出受注,0,売上,11464,札幌ファニシング㈱,札幌ファニシング㈱,004,0041,北海道札幌市厚別区大谷地東1-2-40,,011,894,1111,,,,2020/07/21,2055/05/05,2020/07/21,021009,札幌ファニシング,A10000,南濃倉庫,,,21,㈱エフ・シー・ティー,01,店入れ,,,2,なし,,,838571-1,,,,1,製品,0011,ソファ,CH1071,SN,17,,DB,SN/01,,Z,CH1071  0000120,ﾊﾟﾃｨｽﾄ ｽﾂｰﾙ,CH1071  SN 17       DB  SN/01         Z,2,プロパー,,,0,A,1,ﾋﾟｰｽ,外税,0,50,正単価,18000,18000,1800,0,18000,ﾊﾞｲｵｰﾀﾞｰ 5/20問合中,外税,838571-1,,,,,,,締請求,今回,2020/08/31,,0,,,,1130,売掛金,,,,,,,0224,札幌専門店,24,専門店,,,,,,,,0,,0,,0,承認済,
2020/05/20,JUC000008805,1,2020/05,100,日本フクラ,0524,大阪専門店,0341,西谷 務,053298,大彌京都営業所,,倉出受注,0,売上,,,,,,,,,,,,,,2020/07/16,2055/05/05,2020/07/16,053300,大彌（大阪）,A10000,南濃倉庫,,,,,02,センター入れ,,,2,なし,№8560で座のみ使用した補充品,№8560で座のみ使用し,,,,,2,商品,0090,その他,9999,,,,,,,,9999    0000001,ﾚｺﾙﾀ CH232 08 座ヌードのみ,ﾚｺﾙﾀ CH232 08 座ヌードのみ,2,プロパー,,,0,A,1,ﾋﾟｰｽ,外税,0,50,正単価,0,0,0,0,0,ﾚｺﾙﾀ CH232 08 座ﾇｰﾄﾞのみ　ﾊﾞｲｵｰﾀﾞｰ7/2ETD,外税,,,,,,,,締請求,今回,2020/08/31,,0,,,,1130,売掛金,,,,,,,0527,大阪ハウジング,27,ハウジング,,,,,,,,0,,0,,0,承認済,
2020/05/20,JUC000008806,1,2020/05,100,日本フクラ,0127,東京ハウジング,0753,横山 直美,016440,大京穴吹不動産（東京）,岡前,倉出受注,0,売上,999,大城　晶子様,大城　晶子様,351,0011,埼玉県朝霞市本町2-3-43,ﾗｲｵﾝｽﾞ朝霞ﾍﾞﾙﾎﾟｰﾄﾚｼﾞﾃﾞﾝｽ1401号室,090,4599,5492,,,,2020/07/16,2055/05/05,2020/07/16,016440,大京穴吹不動産,A10000,南濃倉庫,,,12,㈱三協運輸サービス越谷,03,直送,,,1,あり,1UG　前日TEL要　連絡先:IC岡前様　●配置図有,大城　晶子様,,,,,1,製品,0011,ソファ,T306,E,02,,DB,48/6009,,,T306    0000638,ｸﾗｲﾄﾞ 2Pｿﾌｧ,T306    E  02       DB  48/6009,1,オーダー,100,日本フクラ,0,A,1,ﾋﾟｰｽ,外税,431000,65,正単価,280150,280150,28015,159629,120521,UG　№8806　N900・D795と同ﾛｯﾄ,外税,,,,,,,,締請求,今回,2020/08/25,,0,,,,1130,売掛金,,,,,,,0127,東京ハウジング,27,ハウジング,,,,,,,,0,,0,,0,承認済,
2020/05/20,JUC000008806,2,2020/05,100,日本フクラ,0127,東京ハウジング,0753,横山 直美,016440,大京穴吹不動産（東京）,岡前,倉出受注,0,売上,999,大城　晶子様,大城　晶子様,351,0011,埼玉県朝霞市本町2-3-43,ﾗｲｵﾝｽﾞ朝霞ﾍﾞﾙﾎﾟｰﾄﾚｼﾞﾃﾞﾝｽ1401号室,090,4599,5492,,,,2020/07/16,2055/05/05,2020/07/16,016440,大京穴吹不動産,A10000,南濃倉庫,,,12,㈱三協運輸サービス越谷,03,直送,,,1,あり,1UG　前日TEL要　連絡先:IC岡前様　●配置図有,大城　晶子様,,,,,1,製品,0011,ソファ,N900,,17,,DB,48/6009,,,N900    0000191,N900 ｽﾂｰﾙ,N900       17       DB  48/6009,1,オーダー,100,日本フクラ,0,A,1,ﾋﾟｰｽ,外税,118000,65,正単価,76700,76700,7670,43703,32997,№8806　T306・D795と同ﾛｯﾄ,外税,,,,,,,,締請求,今回,2020/08/25,,0,,,,1130,売掛金,,,,,,,0127,東京ハウジング,27,ハウジング,,,,,,,,0,,0,,0,承認済,
2020/05/20,JUC000008806,3,2020/05,100,日本フクラ,0127,東京ハウジング,0753,横山 直美,016440,大京穴吹不動産（東京）,岡前,倉出受注,0,売上,999,大城　晶子様,大城　晶子様,351,0011,埼玉県朝霞市本町2-3-43,ﾗｲｵﾝｽﾞ朝霞ﾍﾞﾙﾎﾟｰﾄﾚｼﾞﾃﾞﾝｽ1401号室,090,4599,5492,,,,2020/07/16,2055/05/05,2020/07/16,016440,大京穴吹不動産,A10000,南濃倉庫,,,12,㈱三協運輸サービス越谷,03,直送,,,1,あり,1UG　前日TEL要　連絡先:IC岡前様　●配置図有,大城　晶子様,,,,,1,製品,0012,リビングテーブル,SLT528,,60R,T,BW,,,,SLT528  0000017,ｶｽﾄｰﾙ ﾘﾋﾞﾝｸﾞﾃｰﾌﾞﾙLT,SLT528     60R   T  BW,2,プロパー,,,0,A,1,ﾋﾟｰｽ,外税,30000,65,正単価,19500,19500,1950,10426,9074,,外税,,,,,,,,締請求,今回,2020/08/25,,0,,,,1130,売掛金,,,,,,,0127,東京ハウジング,27,ハウジング,,,,,,,,0,,0,,0,承認済,
2020/05/20,JUC000008806,4,2020/05,100,日本フクラ,0127,東京ハウジング,0753,横山 直美,016440,大京穴吹不動産（東京）,岡前,倉出受注,0,売上,999,大城　晶子様,大城　晶子様,351,0011,埼玉県朝霞市本町2-3-43,ﾗｲｵﾝｽﾞ朝霞ﾍﾞﾙﾎﾟｰﾄﾚｼﾞﾃﾞﾝｽ1401号室,090,4599,5492,,,,2020/07/16,2055/05/05,2020/07/16,016440,大京穴吹不動産,A10000,南濃倉庫,,,12,㈱三協運輸サービス越谷,03,直送,,,1,あり,1UG　前日TEL要　連絡先:IC岡前様　●配置図有,大城　晶子様,,,,,1,製品,0012,リビングテーブル,SLT528,,60R,F,,,,,SLT528  0000019,ｶｽﾄｰﾙ ﾘﾋﾞﾝｸﾞﾃｰﾌﾞﾙLF,SLT528     60R   F,2,プロパー,,,0,A,1,ﾋﾟｰｽ,外税,71000,65,正単価,46150,46150,4615,24177,21973,,外税,,,,,,,,締請求,今回,2020/08/25,,0,,,,1130,売掛金,,,,,,,0127,東京ハウジング,27,ハウジング,,,,,,,,0,,0,,0,承認済,
2020/05/20,JUC000008806,5,2020/05,100,日本フクラ,0127,東京ハウジング,0753,横山 直美,016440,大京穴吹不動産（東京）,岡前,倉出受注,0,売上,999,大城　晶子様,大城　晶子様,351,0011,埼玉県朝霞市本町2-3-43,ﾗｲｵﾝｽﾞ朝霞ﾍﾞﾙﾎﾟｰﾄﾚｼﾞﾃﾞﾝｽ1401号室,090,4599,5492,,,,2020/07/16,2055/05/05,2020/07/16,016440,大京穴吹不動産,A10000,南濃倉庫,,,12,㈱三協運輸サービス越谷,03,直送,,,1,あり,1UG　前日TEL要　連絡先:IC岡前様　●配置図有,大城　晶子様,,,,,2,商品,0015,ボード,BLS,W3,160TM,,BW,,,Z,BLS     0000014,BLS TVﾎﾞｰﾄﾞ,BLS     W3 160TM    BW                Z,2,プロパー,,,0,A,1,ﾋﾟｰｽ,外税,286000,65,正単価,185900,185900,18590,114744,71156,ﾊﾞｲｵｰﾀﾞｰ　HAC2201　7/9着,外税,,,,,,,,締請求,今回,2020/08/25,,0,,,,1130,売掛金,,,,,,,0127,東京ハウジング,27,ハウジング,,,,,,,,0,,0,,0,承認済,
2020/05/20,JUC000008806,6,2020/05,100,日本フクラ,0127,東京ハウジング,0753,横山 直美,016440,大京穴吹不動産（東京）,岡前,倉出受注,0,売上,999,大城　晶子様,大城　晶子様,351,0011,埼玉県朝霞市本町2-3-43,ﾗｲｵﾝｽﾞ朝霞ﾍﾞﾙﾎﾟｰﾄﾚｼﾞﾃﾞﾝｽ1401号室,090,4599,5492,,,,2020/07/16,2055/05/05,2020/07/16,016440,大京穴吹不動産,A10000,南濃倉庫,,,12,㈱三協運輸サービス越谷,03,直送,,,1,あり,1UG　前日TEL要　連絡先:IC岡前様　●配置図有,大城　晶子様,,,,,2,商品,0014,ダイニングテーブル,D795,,96,,BW,,,,D795    0000020,ｶﾌﾙ ﾀﾞｲﾆﾝｸﾞﾃｰﾌﾞﾙ,D795       96       BW,2,プロパー,100,日本フクラ,0,A,1,ﾋﾟｰｽ,外税,363000,65,正単価,235950,235950,23595,125400,110550,,外税,,,,,,,,締請求,今回,2020/08/25,,0,,,,1130,売掛金,,,,,,,0127,東京ハウジング,27,ハウジング,,,,,,,,0,,0,,0,承認済,
2020/05/20,JUC000008806,7,2020/05,100,日本フクラ,0127,東京ハウジング,0753,横山 直美,016440,大京穴吹不動産（東京）,岡前,倉出受注,0,売上,999,大城　晶子様,大城　晶子様,351,0011,埼玉県朝霞市本町2-3-43,ﾗｲｵﾝｽﾞ朝霞ﾍﾞﾙﾎﾟｰﾄﾚｼﾞﾃﾞﾝｽ1401号室,090,4599,5492,,,,2020/07/16,2055/05/05,2020/07/16,016440,大京穴吹不動産,A10000,南濃倉庫,,,12,㈱三協運輸サービス越谷,03,直送,,,1,あり,1UG　前日TEL要　連絡先:IC岡前様　●配置図有,大城　晶子様,,,,,1,製品,0013,ダイニングチェア,D795,N,10,,BW,48/6009,,,D795    0000178,ｶﾌﾙ ｱｰﾑﾚｽﾁｪｱ,D795    N  10       BW  48/6009,1,オーダー,100,日本フクラ,0,A,4,ﾋﾟｰｽ,外税,91000,65,正単価,59150,236600,23660,134812,101788,ﾗﾐﾈｰﾄ加工 納確中 №8806 T306･N900同ﾛｯﾄ,外税,,,,,,,,締請求,今回,2020/08/25,,0,,,,1130,売掛金,,,,,,,0127,東京ハウジング,27,ハウジング,,,,,,,,0,,0,,0,承認済,
2020/05/20,JUC000008807,1,2020/05,100,日本フクラ,0871,南濃SR,9732,南濃SR,079000,南濃ＳＲ・アウトレット,,倉出受注,0,売上,999,西　陽子様,西　陽子様,730,0029,広島県広島市中区三川町10-23-502,,090,5708,1279,,,,2020/05/23,2020/05/27,2020/05/23,079000,南濃ＳＲ・アウトレット,A10000,南濃倉庫,,,62,佐川急便,06,混載,,,2,なし,TMR用受けｺﾞﾑ在中　※5/25出荷,西　陽子様,,,,,2,商品,0090,その他,9999,,,,,,,,9999    0000001,社外品・在庫対象外　TMR用受けｺﾞﾑ　8個,9999,2,プロパー,,,0,A,1,ﾋﾟｰｽ,外税,0,0,正単価,0,0,0,0,0,,外税,,,,,,,,締請求,今回,2020/05/31,,0,,,,1130,売掛金,,,,,,,0871,在庫処分南濃,81,在庫処分,,,,,,,済,1,,0,,0,承認済,
2020/05/20,JUC000008808,1,2020/05,100,日本フクラ,0127,東京ハウジング,1058,滝口 宗佑,016201,積水ハウス東京エリア/東京西ｼｬｰﾒｿﾞﾝ,伊藤,倉出受注,0,売上,999,渋谷区大山町計画様,渋谷区大山町計画様,,,,,080,5975,3375,,,,2020/06/09,2020/06/17,2020/06/09,016200,積水ハウス,A10000,南濃倉庫,,,12,㈱三協運輸サービス越谷,03,直送,,,1,あり,1UG　前日TEL要　連絡先:伊藤正昭様,渋谷区大山町計画様,HT440,,,,1,製品,0011,ソファ,T428,,01,,,18/5166,L1/216,,T428    0000102,ﾏｼﾞｪｽ 1Pｿﾌｧ,T428       01           18/5166L1/216,1,オーダー,100,日本フクラ,0,A,1,ﾋﾟｰｽ,外税,299000,60,正単価,179400,179400,17940,110740,68660,UG,外税,HT440,,,,,,,締請求,今回,2020/07/31,,0,,,,1130,売掛金,,,,,,,0127,東京ハウジング,27,ハウジング,,,,,,,,0,,0,,0,承認済,
2020/05/20,JUC000008808,2,2020/05,100,日本フクラ,0127,東京ハウジング,1058,滝口 宗佑,016201,積水ハウス東京エリア/東京西ｼｬｰﾒｿﾞﾝ,伊藤,倉出受注,0,売上,999,渋谷区大山町計画様,渋谷区大山町計画様,,,,,080,5975,3375,,,,2020/06/09,2020/06/17,2020/06/09,016200,積水ハウス,A10000,南濃倉庫,,,12,㈱三協運輸サービス越谷,03,直送,,,1,あり,1UG　前日TEL要　連絡先:伊藤正昭様,渋谷区大山町計画様,HT440,,,,1,製品,0011,ソファ,T428,,03,,,18/5166,L1/216,,T428    0000103,ﾏｼﾞｪｽ 3Pｿﾌｧ,T428       03           18/5166L1/216,1,オーダー,100,日本フクラ,0,A,1,ﾋﾟｰｽ,外税,504000,60,正単価,302400,302400,30240,171111,131289,,外税,HT440,,,,,,,締請求,今回,2020/07/31,,0,,,,1130,売掛金,,,,,,,0127,東京ハウジング,27,ハウジング,,,,,,,,0,,0,,0,承認済,
2020/05/20,JUC000008808,3,2020/05,100,日本フクラ,0127,東京ハウジング,1058,滝口 宗佑,016201,積水ハウス東京エリア/東京西ｼｬｰﾒｿﾞﾝ,伊藤,倉出受注,0,売上,999,渋谷区大山町計画様,渋谷区大山町計画様,,,,,080,5975,3375,,,,2020/06/09,2020/06/17,2020/06/09,016200,積水ハウス,A10000,南濃倉庫,,,12,㈱三協運輸サービス越谷,03,直送,,,1,あり,1UG　前日TEL要　連絡先:伊藤正昭様,渋谷区大山町計画様,HT440,,,,1,製品,0012,リビングテーブル,SLT009,,88R,,SG,L1/216,,,SLT009  0000077,SLT009ﾘﾋﾞﾝｸﾞﾃｰﾌﾞﾙL,SLT009     88R      SG  L1/216,1,オーダー,100,日本フクラ,0,A,1,ﾋﾟｰｽ,外税,258000,60,正単価,154800,154800,15480,95555,59245,,外税,HT440,,,,,,,締請求,今回,2020/07/31,,0,,,,1130,売掛金,,,,,,,0127,東京ハウジング,27,ハウジング,,,,,,,,0,,0,,0,承認済,
2020/05/20,JUC000008808,4,2020/05,100,日本フクラ,0127,東京ハウジング,1058,滝口 宗佑,016201,積水ハウス東京エリア/東京西ｼｬｰﾒｿﾞﾝ,伊藤,倉出受注,0,売上,999,渋谷区大山町計画様,渋谷区大山町計画様,,,,,080,5975,3375,,,,2020/06/09,2020/06/17,2020/06/09,016200,積水ハウス,A10000,南濃倉庫,,,12,㈱三協運輸サービス越谷,03,直送,,,1,あり,1UG　前日TEL要　連絡先:伊藤正昭様,渋谷区大山町計画様,HT440,,,,1,製品,0019,クッション,CU,FN,4545,,,22/2614,,,CU      0003549,CUｸｯｼｮﾝ 45F,CU      FN 4545         22/2614,1,オーダー,100,日本フクラ,0,A,1,ﾋﾟｰｽ,外税,0,0,正単価,0,0,0,3518,-3518,,外税,HT440,,,,,,,締請求,今回,2020/07/31,,0,,,,1130,売掛金,,,,,,,0127,東京ハウジング,27,ハウジング,,,,,,,,0,,0,,0,承認済,
2020/05/20,JUC000008808,5,2020/05,100,日本フクラ,0127,東京ハウジング,1058,滝口 宗佑,016201,積水ハウス東京エリア/東京西ｼｬｰﾒｿﾞﾝ,伊藤,倉出受注,0,売上,999,渋谷区大山町計画様,渋谷区大山町計画様,,,,,080,5975,3375,,,,2020/06/09,2020/06/17,2020/06/09,016200,積水ハウス,A10000,南濃倉庫,,,12,㈱三協運輸サービス越谷,03,直送,,,1,あり,1UG　前日TEL要　連絡先:伊藤正昭様,渋谷区大山町計画様,HT440,,,,1,製品,0019,クッション,CU,FN,5050,,,L1/218,,,CU      0003547,CUｸｯｼｮﾝ 50F,CU      FN 5050         L1/218,1,オーダー,100,日本フクラ,0,A,1,ﾋﾟｰｽ,外税,0,0,正単価,0,0,0,6962,-6962,L1/218確認済,外税,HT440,,,,,,,締請求,今回,2020/07/31,,0,,,,1130,売掛金,,,,,,,0127,東京ハウジング,27,ハウジング,,,,,,,,0,,0,,0,承認済,
2020/05/20,JUC000008808,6,2020/05,100,日本フクラ,0127,東京ハウジング,1058,滝口 宗佑,016201,積水ハウス東京エリア/東京西ｼｬｰﾒｿﾞﾝ,伊藤,倉出受注,0,売上,999,渋谷区大山町計画様,渋谷区大山町計画様,,,,,080,5975,3375,,,,2020/06/09,2020/06/17,2020/06/09,016200,積水ハウス,A10000,南濃倉庫,,,12,㈱三協運輸サービス越谷,03,直送,,,1,あり,1UG　前日TEL要　連絡先:伊藤正昭様,渋谷区大山町計画様,HT440,,,,2,商品,0090,その他,UNITERS,,LM100,,,,,,UNITERS 0000001,ﾚｻﾞｰｷｯﾄ,UNITERS    LM100,2,プロパー,,,0,A,1,ﾋﾟｰｽ,外税,0,65,正単価,0,0,0,2242,-2242,,外税,HT440,,,,,,,締請求,今回,2020/07/31,,0,,,,1130,売掛金,,,,,,,0127,東京ハウジング,27,ハウジング,,,,,,,,0,,0,,0,承認済,
2020/05/20,JUC000008809,1,2020/05,100,日本フクラ,0124,東京専門店,0363,岡田 憲和,013240,リビングハウス東京/EC課,東澤稔子,倉出受注,0,売上,11687,的場運輸倉庫,的場運輸倉庫,830,0224,福岡県久留米市城島町上青木316,(月)～(金)9：30～12：00　13：00～15：00,0944,86,3839,,,,2020/07/17,2020/09/14,2020/07/17,053240,リビングハウス,A10000,南濃倉庫,,,41,㈱福博梱包,12,九州配送,,,2,なし,ｲｼﾂﾞｶﾄﾓｺ様(9/30)　9/22着希望,ｲｼﾂﾞｶﾄﾓｺ様,54625,54625,,,1,製品,0011,ソファ,LH03,S,731,,,9053Z03,,Z,LH03    0000073,ｺﾙﾃ 2P肘付ｿﾌｧ,LH03    S  731          9053Z03       Z,2,プロパー,,,0,A,1,ﾋﾟｰｽ,外税,0,60,正単価,51000,51000,5100,39037,11963,ﾊﾞｲｵｰﾀﾞｰ　7/2ETD,外税,54625,,,,,,,締請求,今回,2020/09/05,,0,,,,1130,売掛金,,,,,,,0124,東京専門店,24,専門店,,,,,,,,0,,0,,0,承認済,
