TF943B-20L CHILI17,腰クッションなし / 脚 DB 同梱,239.8,ok
TF943B-11R CHILI17,腰クッションなし / 脚 DB 同梱,222.2,ok
TF943B-20L CHILI25,腰クッションなし / 脚 DB 同梱,239.8,ok
TF943B-11R CHILI25,腰クッションなし / 脚 DB 同梱,222.2,ok
TF943B-20R CHILI17,腰クッションなし / 脚 DB 同梱,239.8,ok
TF943B-11L CHILI17,腰クッションなし / 脚 DB 同梱,222.2,ok
TF943B-20R CHILI25,腰クッションなし / 脚 DB 同梱,239.8,ok
TF943B-11L CHILI25,腰クッションなし / 脚 DB 同梱,222.2,ok
TF943B-03 CHILI17,腰クッションなし / 脚 DB 同梱,295.1,x
TF943B-03 CHILI25,腰クッションなし / 脚 DB 同梱,295.1,x
TF943B-0.5P DB CHILI17,腰クッションなし,71.6,ok
TF943B-0.5P DB CHILI25,腰クッションなし,71.6,ok
KY001-16 SP/183,シルバ Bed 福岡,249.0,236.9
